note_index	hand	finger
0	R	4
1	R	5
2	R	2
3	L	5
4	L	1
5	L	2
6	R	3
7	R	1
8	R	2
9	L	5
10	R	3
11	L	2
12	R	2
13	R	2
14	R	1
15	R	5
16	L	1
17	L	5
18	R	4
19	R	4
20	R	5
21	L	5
22	L	1
23	R	1
24	L	2
25	R	2
26	R	2
27	R	3
28	L	5
29	L	1
30	L	2
31	R	2
32	L	2
33	L	5
34	R	2
35	L	5
36	R	1
37	R	5
38	R	3
39	L	5
40	R	2
41	R	1
42	L	1
43	L	2
44	R	4
45	R	3
46	L	1
47	L	5
48	R	1
49	R	3
50	R	2
51	R	2
52	R	3
53	R	1
54	L	1
55	L	2
56	R	1
57	R	2
58	L	5
59	L	1
60	L	2
61	R	3
62	R	5
63	L	1
64	R	3
65	L	5
66	R	1
67	R	3
68	L	1
69	L	2
70	R	3
71	R	1
72	L	5
73	L	1
74	L	2
75	R	5
76	L	1
77	R	5
78	L	1
79	R	4
80	L	2
81	R	3
82	R	1
83	L	5
84	L	2
85	L	1
86	L	5
87	L	1
88	L	2
89	R	3
90	R	1
91	R	4
92	L	5
93	L	1
94	R	3
95	R	2
96	R	1
97	L	1
98	R	4
99	L	5
100	R	3
101	R	4
102	R	1
103	L	5
104	R	5
105	L	1
106	R	3
107	L	1
108	L	5
109	R	3
110	R	1
111	R	2
112	L	5
113	L	1
114	R	1
115	R	3
116	R	2
117	L	1
118	R	1
119	R	3
120	R	2
121	L	1
122	R	2
123	R	1
124	L	5
125	L	1
126	R	3
127	L	1
128	R	1
129	L	1
130	R	5
131	L	5
132	R	1
133	R	1
134	R	2
135	R	5
136	L	1
137	L	5
138	L	5
139	R	2
140	R	4
141	R	1
142	R	5
143	L	1
144	L	2
145	L	5
146	L	5
147	L	5
148	L	1
149	L	5
150	L	1
151	R	4
152	R	2
153	R	1
154	R	5
155	L	2
156	R	4
157	L	1
158	R	2
159	R	5
160	R	1
161	L	2
162	R	1
163	R	3
164	R	5
165	L	5
166	L	1
167	L	2
168	R	2
169	R	1
170	R	3
171	R	5
172	L	2
173	L	1
174	L	5
175	L	1
176	L	5
177	L	2
178	L	1
179	L	5
180	R	1
181	L	1
182	L	5
183	R	2
184	L	5
185	L	1
186	R	1
187	R	4
188	L	1
189	R	5
190	L	1
191	R	5
192	R	1
193	L	5
194	R	2
195	L	1
196	R	5
197	L	2
198	L	1
199	L	5
200	R	1
201	L	2
202	L	5
203	R	2
204	R	1
205	L	1
206	L	2
207	L	1
208	L	5
209	R	3
210	R	1
211	L	5
212	L	1
213	R	5
214	L	2
215	L	1
216	R	5
217	L	2
218	R	1
219	R	3
220	R	5
221	L	1
222	L	5
223	R	2
224	L	2
225	R	2
226	R	1
227	L	5
228	L	1
229	L	2
230	L	5
231	L	1
232	R	2
233	R	1
234	L	2
235	R	1
236	R	5
237	R	3
238	L	5
239	L	1
240	L	2
241	R	1
242	L	5
243	L	1
244	R	4
245	R	2
246	R	1
247	L	5
248	L	1
249	R	1
250	R	4
251	R	2
252	L	2
253	R	2
254	R	5
255	R	4
256	L	5
257	R	1
258	L	1
259	L	1
260	L	5
261	R	5
262	R	2
263	R	1
264	R	4
265	L	5
266	L	1
267	R	2
268	R	4
269	R	5
270	L	5
271	L	1
272	R	1
273	L	5
274	L	1
275	R	5
276	R	1
277	L	2
278	R	2
279	R	5
280	R	1
281	L	5
282	L	1
283	R	5
284	R	1
285	L	5
286	L	1
287	R	1
288	R	5
289	R	5
290	R	1
291	L	2
292	L	5
293	R	5
294	R	1
295	R	1
296	L	1
297	L	5
298	R	2
299	R	1
