set_id,error_type,eligible_notes,hard_count,hard_percentage,error_count,selected_errors,error_recall,precision,correct_sieve_rate,enrichment
mandatory_missing,exact_error,1800,275,0.1527777777777778,392,275,0.701530612244898,1.0,0.0,4.591836734693878
mandatory_missing,hand_error,1800,275,0.1527777777777778,281,275,0.9786476868327402,1.0,0.0,6.405693950177936
mandatory_missing,within_hand_finger_error,1800,275,0.1527777777777778,111,0,0.0,0.0,0.16281823564239195,0.0
legacy_current_default,exact_error,1800,90,0.05,392,26,0.0663265306122449,0.28888888888888886,0.045454545454545456,1.3265306122448979
legacy_current_default,hand_error,1800,90,0.05,281,0,0.0,0.0,0.05924950625411455,0.0
legacy_current_default,within_hand_finger_error,1800,90,0.05,111,26,0.23423423423423423,0.28888888888888886,0.037892243931320305,4.684684684684684
bl_span_practical,exact_error,1800,131,0.07277777777777777,392,13,0.03316326530612245,0.09923664122137404,0.08380681818181818,0.4556784545879421
bl_span_practical,hand_error,1800,131,0.07277777777777777,281,0,0.0,0.0,0.08624094799210007,0.0
bl_span_practical,within_hand_finger_error,1800,131,0.07277777777777777,111,13,0.11711711711711711,0.09923664122137404,0.06986382474837181,1.6092428306168765
bl_span_comfortable,exact_error,1800,233,0.12944444444444445,392,22,0.05612244897959184,0.0944206008583691,0.14985795454545456,0.43356398353332753
bl_span_comfortable,hand_error,1800,233,0.12944444444444445,281,0,0.0,0.0,0.1533903884134299,0.0
bl_span_comfortable,within_hand_finger_error,1800,233,0.12944444444444445,111,22,0.1981981981981982,0.0944206008583691,0.12492599171107165,1.5311448787843638
bl_span_relative,exact_error,1800,624,0.3466666666666667,392,60,0.15306122448979592,0.09615384615384616,0.4005681818181818,0.4415227629513344
bl_span_relative,hand_error,1800,624,0.3466666666666667,281,2,0.0071174377224199285,0.003205128205128205,0.40947992100065833,0.02053107035313441
bl_span_relative,within_hand_finger_error,1800,624,0.3466666666666667,111,58,0.5225225225225225,0.09294871794871795,0.335109532267614,1.5072765072765073
bl_crossing,exact_error,1800,28,0.015555555555555555,392,7,0.017857142857142856,0.25,0.014914772727272728,1.1479591836734695
bl_crossing,hand_error,1800,28,0.015555555555555555,281,0,0.0,0.0,0.018433179723502304,0.0
bl_crossing,within_hand_finger_error,1800,28,0.015555555555555555,111,7,0.06306306306306306,0.25,0.012433392539964476,4.054054054054054
bl_step_crossing,exact_error,1800,10,0.005555555555555556,392,3,0.007653061224489796,0.3,0.004971590909090909,1.3775510204081634
bl_step_crossing,hand_error,1800,10,0.005555555555555556,281,0,0.0,0.0,0.0065832784726793945,0.0
bl_step_crossing,within_hand_finger_error,1800,10,0.005555555555555556,111,3,0.02702702702702703,0.3,0.0041444641799881585,4.864864864864865
bl_rate_q995,exact_error,1800,8,0.0044444444444444444,392,2,0.00510204081632653,0.25,0.004261363636363636,1.1479591836734695
bl_rate_q995,hand_error,1800,8,0.0044444444444444444,281,0,0.0,0.0,0.005266622778143515,0.0
bl_rate_q995,within_hand_finger_error,1800,8,0.0044444444444444444,111,2,0.018018018018018018,0.25,0.003552397868561279,4.054054054054054
bl_rate_q990,exact_error,1800,17,0.009444444444444445,392,4,0.01020408163265306,0.23529411764705882,0.009232954545454546,1.0804321728691477
bl_rate_q990,hand_error,1800,17,0.009444444444444445,281,0,0.0,0.0,0.01119157340355497,0.0
bl_rate_q990,within_hand_finger_error,1800,17,0.009444444444444445,111,4,0.036036036036036036,0.23529411764705882,0.0076968620485494375,3.8155802861685215
bl_rate_q975,exact_error,1800,42,0.023333333333333334,392,6,0.015306122448979591,0.14285714285714285,0.02556818181818182,0.6559766763848397
bl_rate_q975,hand_error,1800,42,0.023333333333333334,281,0,0.0,0.0,0.027649769585253458,0.0
bl_rate_q975,within_hand_finger_error,1800,42,0.023333333333333334,111,6,0.05405405405405406,0.14285714285714285,0.021314387211367674,2.3166023166023164
bl_hmm_disagreement,exact_error,1800,1009,0.5605555555555556,392,95,0.2423469387755102,0.09415262636273539,0.6491477272727273,0.4323334884003156
bl_hmm_disagreement,hand_error,1800,1009,0.5605555555555556,281,4,0.014234875444839857,0.003964321110009911,0.6616194865042792,0.025394227750953163
bl_hmm_disagreement,within_hand_finger_error,1800,1009,0.5605555555555556,111,91,0.8198198198198198,0.09018830525272548,0.5435168738898757,1.462513058152305
bl_practical_or_rate995,exact_error,1800,139,0.07722222222222222,392,15,0.03826530612244898,0.1079136690647482,0.08806818181818182,0.4955219497871091
bl_practical_or_rate995,hand_error,1800,139,0.07722222222222222,281,0,0.0,0.0,0.09150757077024359,0.0
bl_practical_or_rate995,within_hand_finger_error,1800,139,0.07722222222222222,111,15,0.13513513513513514,0.1079136690647482,0.07341622261693309,1.74995139023916
bl_practical_or_crossing,exact_error,1800,131,0.07277777777777777,392,13,0.03316326530612245,0.09923664122137404,0.08380681818181818,0.4556784545879421
bl_practical_or_crossing,hand_error,1800,131,0.07277777777777777,281,0,0.0,0.0,0.08624094799210007,0.0
bl_practical_or_crossing,within_hand_finger_error,1800,131,0.07277777777777777,111,13,0.11711711711711711,0.09923664122137404,0.06986382474837181,1.6092428306168765
bl_two_signal_strict,exact_error,1800,90,0.05,392,16,0.04081632653061224,0.17777777777777778,0.052556818181818184,0.816326530612245
bl_two_signal_strict,hand_error,1800,90,0.05,281,0,0.0,0.0,0.05924950625411455,0.0
bl_two_signal_strict,within_hand_finger_error,1800,90,0.05,111,16,0.14414414414414414,0.17777777777777778,0.04381290704558911,2.8828828828828827
wl_model_agreement,exact_error,1800,1009,0.5605555555555556,392,95,0.2423469387755102,0.09415262636273539,0.6491477272727273,0.4323334884003156
wl_model_agreement,hand_error,1800,1009,0.5605555555555556,281,4,0.014234875444839857,0.003964321110009911,0.6616194865042792,0.025394227750953163
wl_model_agreement,within_hand_finger_error,1800,1009,0.5605555555555556,111,91,0.8198198198198198,0.09018830525272548,0.5435168738898757,1.462513058152305
wl_strict_obvious,exact_error,1800,1239,0.6883333333333334,392,109,0.2780612244897959,0.08797417271993543,0.8025568181818182,0.40396303799970357
wl_strict_obvious,hand_error,1800,1239,0.6883333333333334,281,5,0.017793594306049824,0.004035512510088781,0.8123765635286373,0.025850258071743078
wl_strict_obvious,within_hand_finger_error,1800,1239,0.6883333333333334,111,104,0.9369369369369369,0.08393866020984665,0.6719952634695086,1.3611674628623782
hy_direct_plus_corroborated,exact_error,1800,139,0.07722222222222222,392,16,0.04081632653061224,0.11510791366906475,0.08735795454545454,0.5285567464395831
hy_direct_plus_corroborated,hand_error,1800,139,0.07722222222222222,281,0,0.0,0.0,0.09150757077024359,0.0
hy_direct_plus_corroborated,within_hand_finger_error,1800,139,0.07722222222222222,111,16,0.14414414414414414,0.11510791366906475,0.07282415630550622,1.8666148162551042
hy_two_of_three_families,exact_error,1800,169,0.09388888888888888,392,24,0.061224489795918366,0.14201183431952663,0.10298295454545454,0.6520951575896632
hy_two_of_three_families,hand_error,1800,169,0.09388888888888888,281,0,0.0,0.0,0.11125740618828177,0.0
hy_two_of_three_families,within_hand_finger_error,1800,169,0.09388888888888888,111,24,0.21621621621621623,0.14201183431952663,0.08584961515689757,2.302894610586918
hy_hierarchical,exact_error,1800,222,0.12333333333333334,392,23,0.058673469387755105,0.1036036036036036,0.14133522727272727,0.47573083287369
hy_hierarchical,hand_error,1800,222,0.12333333333333334,281,0,0.0,0.0,0.14614878209348256,0.0
hy_hierarchical,within_hand_finger_error,1800,222,0.12333333333333334,111,23,0.2072072072072072,0.1036036036036036,0.11782119597394908,1.6800584368151934
ni_k2_r1,exact_error,1800,71,0.03944444444444444,392,6,0.015306122448979591,0.08450704225352113,0.04616477272727273,0.38804254096004603
ni_k2_r1,hand_error,1800,71,0.03944444444444444,281,0,0.0,0.0,0.0467412771560237,0.0
ni_k2_r1,within_hand_finger_error,1800,71,0.03944444444444444,111,6,0.05405405405405406,0.08450704225352113,0.03848431024274719,1.3703844689760183
ni_k2_r2,exact_error,1800,128,0.07111111111111111,392,14,0.03571428571428571,0.109375,0.08096590909090909,0.5022321428571429
ni_k2_r2,hand_error,1800,128,0.07111111111111111,281,0,0.0,0.0,0.08426596445029624,0.0
ni_k2_r2,within_hand_finger_error,1800,128,0.07111111111111111,111,14,0.12612612612612611,0.109375,0.0674955595026643,1.7736486486486487
ni_k2_r4,exact_error,1800,224,0.12444444444444444,392,21,0.05357142857142857,0.09375,0.14417613636363635,0.43048469387755106
ni_k2_r4,hand_error,1800,224,0.12444444444444444,281,0,0.0,0.0,0.14746543778801843,0.0
ni_k2_r4,within_hand_finger_error,1800,224,0.12444444444444444,111,21,0.1891891891891892,0.09375,0.1201894612196566,1.5202702702702702
ni_k3_r1,exact_error,1800,17,0.009444444444444445,392,2,0.00510204081632653,0.11764705882352941,0.01065340909090909,0.5402160864345739
ni_k3_r1,hand_error,1800,17,0.009444444444444445,281,0,0.0,0.0,0.01119157340355497,0.0
ni_k3_r1,within_hand_finger_error,1800,17,0.009444444444444445,111,2,0.018018018018018018,0.11764705882352941,0.008880994671403197,1.9077901430842608
ni_k3_r2,exact_error,1800,33,0.018333333333333333,392,5,0.012755102040816327,0.15151515151515152,0.019886363636363636,0.6957328385899815
ni_k3_r2,hand_error,1800,33,0.018333333333333333,281,0,0.0,0.0,0.021724818959842,0.0
ni_k3_r2,within_hand_finger_error,1800,33,0.018333333333333333,111,5,0.04504504504504504,0.15151515151515152,0.016577856719952634,2.457002457002457
ni_k3_r4,exact_error,1800,64,0.035555555555555556,392,9,0.02295918367346939,0.140625,0.0390625,0.6457270408163266
ni_k3_r4,hand_error,1800,64,0.035555555555555556,281,0,0.0,0.0,0.04213298222514812,0.0
ni_k3_r4,within_hand_finger_error,1800,64,0.035555555555555556,111,9,0.08108108108108109,0.140625,0.03256364712847839,2.2804054054054053
ni_k5_r1,exact_error,1800,0,0.0,392,0,0.0,,0.0,
ni_k5_r1,hand_error,1800,0,0.0,281,0,0.0,,0.0,
ni_k5_r1,within_hand_finger_error,1800,0,0.0,111,0,0.0,,0.0,
ni_k5_r2,exact_error,1800,0,0.0,392,0,0.0,,0.0,
ni_k5_r2,hand_error,1800,0,0.0,281,0,0.0,,0.0,
ni_k5_r2,within_hand_finger_error,1800,0,0.0,111,0,0.0,,0.0,
ni_k5_r4,exact_error,1800,0,0.0,392,0,0.0,,0.0,
ni_k5_r4,hand_error,1800,0,0.0,281,0,0.0,,0.0,
ni_k5_r4,within_hand_finger_error,1800,0,0.0,111,0,0.0,,0.0,
ni_w5_q995,exact_error,1800,3,0.0016666666666666668,392,0,0.0,0.0,0.002130681818181818,0.0
ni_w5_q995,hand_error,1800,3,0.0016666666666666668,281,0,0.0,0.0,0.0019749835418038184,0.0
ni_w5_q995,within_hand_finger_error,1800,3,0.0016666666666666668,111,0,0.0,0.0,0.0017761989342806395,0.0
ni_w5_q990,exact_error,1800,10,0.005555555555555556,392,0,0.0,0.0,0.007102272727272727,0.0
ni_w5_q990,hand_error,1800,10,0.005555555555555556,281,0,0.0,0.0,0.0065832784726793945,0.0
ni_w5_q990,within_hand_finger_error,1800,10,0.005555555555555556,111,0,0.0,0.0,0.005920663114268798,0.0
ni_w5_q975,exact_error,1800,33,0.018333333333333333,392,5,0.012755102040816327,0.15151515151515152,0.019886363636363636,0.6957328385899815
ni_w5_q975,hand_error,1800,33,0.018333333333333333,281,0,0.0,0.0,0.021724818959842,0.0
ni_w5_q975,within_hand_finger_error,1800,33,0.018333333333333333,111,5,0.04504504504504504,0.15151515151515152,0.016577856719952634,2.457002457002457
ni_w9_q995,exact_error,1800,8,0.0044444444444444444,392,0,0.0,0.0,0.005681818181818182,0.0
ni_w9_q995,hand_error,1800,8,0.0044444444444444444,281,0,0.0,0.0,0.005266622778143515,0.0
ni_w9_q995,within_hand_finger_error,1800,8,0.0044444444444444444,111,0,0.0,0.0,0.004736530491415038,0.0
ni_w9_q990,exact_error,1800,23,0.012777777777777779,392,1,0.002551020408163265,0.043478260869565216,0.015625,0.19964507542147295
ni_w9_q990,hand_error,1800,23,0.012777777777777779,281,0,0.0,0.0,0.015141540487162607,0.0
ni_w9_q990,within_hand_finger_error,1800,23,0.012777777777777779,111,1,0.009009009009009009,0.043478260869565216,0.013025458851391355,0.7050528789659224
ni_w9_q975,exact_error,1800,43,0.02388888888888889,392,4,0.01020408163265306,0.09302325581395349,0.027698863636363636,0.42714760322733747
ni_w9_q975,hand_error,1800,43,0.02388888888888889,281,0,0.0,0.0,0.028308097432521395,0.0
ni_w9_q975,within_hand_finger_error,1800,43,0.02388888888888889,111,4,0.036036036036036036,0.09302325581395349,0.023090586145648313,1.5084852294154618
ni_w17_q995,exact_error,1800,17,0.009444444444444445,392,1,0.002551020408163265,0.058823529411764705,0.011363636363636364,0.27010804321728693
ni_w17_q995,hand_error,1800,17,0.009444444444444445,281,0,0.0,0.0,0.01119157340355497,0.0
ni_w17_q995,within_hand_finger_error,1800,17,0.009444444444444445,111,1,0.009009009009009009,0.058823529411764705,0.009473060982830076,0.9538950715421304
ni_w17_q990,exact_error,1800,19,0.010555555555555556,392,1,0.002551020408163265,0.05263157894736842,0.01278409090909091,0.24167561761546724
ni_w17_q990,hand_error,1800,19,0.010555555555555556,281,0,0.0,0.0,0.012508229098090849,0.0
ni_w17_q990,within_hand_finger_error,1800,19,0.010555555555555556,111,1,0.009009009009009009,0.05263157894736842,0.010657193605683837,0.8534850640113797
ni_w17_q975,exact_error,1800,30,0.016666666666666666,392,1,0.002551020408163265,0.03333333333333333,0.020596590909090908,0.15306122448979592
ni_w17_q975,hand_error,1800,30,0.016666666666666666,281,0,0.0,0.0,0.019749835418038184,0.0
ni_w17_q975,within_hand_finger_error,1800,30,0.016666666666666666,111,1,0.009009009009009009,0.03333333333333333,0.017169923031379514,0.5405405405405406
mandatory_missing__ni_k2_r1,exact_error,1800,71,0.03944444444444444,392,6,0.015306122448979591,0.08450704225352113,0.04616477272727273,0.38804254096004603
mandatory_missing__ni_k2_r1,hand_error,1800,71,0.03944444444444444,281,0,0.0,0.0,0.0467412771560237,0.0
mandatory_missing__ni_k2_r1,within_hand_finger_error,1800,71,0.03944444444444444,111,6,0.05405405405405406,0.08450704225352113,0.03848431024274719,1.3703844689760183
mandatory_missing__ni_k2_r2,exact_error,1800,128,0.07111111111111111,392,14,0.03571428571428571,0.109375,0.08096590909090909,0.5022321428571429
mandatory_missing__ni_k2_r2,hand_error,1800,128,0.07111111111111111,281,0,0.0,0.0,0.08426596445029624,0.0
mandatory_missing__ni_k2_r2,within_hand_finger_error,1800,128,0.07111111111111111,111,14,0.12612612612612611,0.109375,0.0674955595026643,1.7736486486486487
mandatory_missing__ni_k2_r4,exact_error,1800,224,0.12444444444444444,392,21,0.05357142857142857,0.09375,0.14417613636363635,0.43048469387755106
mandatory_missing__ni_k2_r4,hand_error,1800,224,0.12444444444444444,281,0,0.0,0.0,0.14746543778801843,0.0
mandatory_missing__ni_k2_r4,within_hand_finger_error,1800,224,0.12444444444444444,111,21,0.1891891891891892,0.09375,0.1201894612196566,1.5202702702702702
mandatory_missing__ni_k3_r1,exact_error,1800,17,0.009444444444444445,392,2,0.00510204081632653,0.11764705882352941,0.01065340909090909,0.5402160864345739
mandatory_missing__ni_k3_r1,hand_error,1800,17,0.009444444444444445,281,0,0.0,0.0,0.01119157340355497,0.0
mandatory_missing__ni_k3_r1,within_hand_finger_error,1800,17,0.009444444444444445,111,2,0.018018018018018018,0.11764705882352941,0.008880994671403197,1.9077901430842608
mandatory_missing__ni_k3_r2,exact_error,1800,33,0.018333333333333333,392,5,0.012755102040816327,0.15151515151515152,0.019886363636363636,0.6957328385899815
mandatory_missing__ni_k3_r2,hand_error,1800,33,0.018333333333333333,281,0,0.0,0.0,0.021724818959842,0.0
mandatory_missing__ni_k3_r2,within_hand_finger_error,1800,33,0.018333333333333333,111,5,0.04504504504504504,0.15151515151515152,0.016577856719952634,2.457002457002457
mandatory_missing__ni_k3_r4,exact_error,1800,64,0.035555555555555556,392,9,0.02295918367346939,0.140625,0.0390625,0.6457270408163266
mandatory_missing__ni_k3_r4,hand_error,1800,64,0.035555555555555556,281,0,0.0,0.0,0.04213298222514812,0.0
mandatory_missing__ni_k3_r4,within_hand_finger_error,1800,64,0.035555555555555556,111,9,0.08108108108108109,0.140625,0.03256364712847839,2.2804054054054053
mandatory_missing__ni_k5_r1,exact_error,1800,0,0.0,392,0,0.0,,0.0,
mandatory_missing__ni_k5_r1,hand_error,1800,0,0.0,281,0,0.0,,0.0,
mandatory_missing__ni_k5_r1,within_hand_finger_error,1800,0,0.0,111,0,0.0,,0.0,
mandatory_missing__ni_k5_r2,exact_error,1800,0,0.0,392,0,0.0,,0.0,
mandatory_missing__ni_k5_r2,hand_error,1800,0,0.0,281,0,0.0,,0.0,
mandatory_missing__ni_k5_r2,within_hand_finger_error,1800,0,0.0,111,0,0.0,,0.0,
mandatory_missing__ni_k5_r4,exact_error,1800,0,0.0,392,0,0.0,,0.0,
mandatory_missing__ni_k5_r4,hand_error,1800,0,0.0,281,0,0.0,,0.0,
mandatory_missing__ni_k5_r4,within_hand_finger_error,1800,0,0.0,111,0,0.0,,0.0,
legacy_current_default__ni_k2_r1,exact_error,1800,139,0.07722222222222222,392,29,0.07397959183673469,0.20863309352517986,0.078125,0.9580091029217443
legacy_current_default__ni_k2_r1,hand_error,1800,139,0.07722222222222222,281,0,0.0,0.0,0.09150757077024359,0.0
legacy_current_default__ni_k2_r1,within_hand_finger_error,1800,139,0.07722222222222222,111,29,0.26126126126126126,0.20863309352517986,0.06512729425695678,3.383239354462376
legacy_current_default__ni_k2_r2,exact_error,1800,180,0.1,392,33,0.08418367346938775,0.18333333333333332,0.10440340909090909,0.8418367346938775
legacy_current_default__ni_k2_r2,hand_error,1800,180,0.1,281,0,0.0,0.0,0.1184990125082291,0.0
legacy_current_default__ni_k2_r2,within_hand_finger_error,1800,180,0.1,111,33,0.2972972972972973,0.18333333333333332,0.08703374777975133,2.972972972972973
legacy_current_default__ni_k2_r4,exact_error,1800,270,0.15,392,37,0.09438775510204081,0.13703703703703704,0.16548295454545456,0.6292517006802721
legacy_current_default__ni_k2_r4,hand_error,1800,270,0.15,281,0,0.0,0.0,0.17774851876234365,0.0
legacy_current_default__ni_k2_r4,within_hand_finger_error,1800,270,0.15,111,37,0.3333333333333333,0.13703703703703704,0.137951450562463,2.2222222222222223
legacy_current_default__ni_k3_r1,exact_error,1800,90,0.05,392,26,0.0663265306122449,0.28888888888888886,0.045454545454545456,1.3265306122448979
legacy_current_default__ni_k3_r1,hand_error,1800,90,0.05,281,0,0.0,0.0,0.05924950625411455,0.0
legacy_current_default__ni_k3_r1,within_hand_finger_error,1800,90,0.05,111,26,0.23423423423423423,0.28888888888888886,0.037892243931320305,4.684684684684684
legacy_current_default__ni_k3_r2,exact_error,1800,90,0.05,392,26,0.0663265306122449,0.28888888888888886,0.045454545454545456,1.3265306122448979
legacy_current_default__ni_k3_r2,hand_error,1800,90,0.05,281,0,0.0,0.0,0.05924950625411455,0.0
legacy_current_default__ni_k3_r2,within_hand_finger_error,1800,90,0.05,111,26,0.23423423423423423,0.28888888888888886,0.037892243931320305,4.684684684684684
legacy_current_default__ni_k3_r4,exact_error,1800,116,0.06444444444444444,392,28,0.07142857142857142,0.2413793103448276,0.0625,1.1083743842364533
legacy_current_default__ni_k3_r4,hand_error,1800,116,0.06444444444444444,281,0,0.0,0.0,0.07636603028308098,0.0
legacy_current_default__ni_k3_r4,within_hand_finger_error,1800,116,0.06444444444444444,111,28,0.25225225225225223,0.2413793103448276,0.05210183540556542,3.91425908667288
legacy_current_default__ni_k5_r1,exact_error,1800,90,0.05,392,26,0.0663265306122449,0.28888888888888886,0.045454545454545456,1.3265306122448979
legacy_current_default__ni_k5_r1,hand_error,1800,90,0.05,281,0,0.0,0.0,0.05924950625411455,0.0
legacy_current_default__ni_k5_r1,within_hand_finger_error,1800,90,0.05,111,26,0.23423423423423423,0.28888888888888886,0.037892243931320305,4.684684684684684
legacy_current_default__ni_k5_r2,exact_error,1800,90,0.05,392,26,0.0663265306122449,0.28888888888888886,0.045454545454545456,1.3265306122448979
legacy_current_default__ni_k5_r2,hand_error,1800,90,0.05,281,0,0.0,0.0,0.05924950625411455,0.0
legacy_current_default__ni_k5_r2,within_hand_finger_error,1800,90,0.05,111,26,0.23423423423423423,0.28888888888888886,0.037892243931320305,4.684684684684684
legacy_current_default__ni_k5_r4,exact_error,1800,90,0.05,392,26,0.0663265306122449,0.28888888888888886,0.045454545454545456,1.3265306122448979
legacy_current_default__ni_k5_r4,hand_error,1800,90,0.05,281,0,0.0,0.0,0.05924950625411455,0.0
legacy_current_default__ni_k5_r4,within_hand_finger_error,1800,90,0.05,111,26,0.23423423423423423,0.28888888888888886,0.037892243931320305,4.684684684684684
bl_span_practical__ni_k2_r1,exact_error,1800,194,0.10777777777777778,392,18,0.04591836734693878,0.09278350515463918,0.125,0.4260467073427309
bl_span_practical__ni_k2_r1,hand_error,1800,194,0.10777777777777778,281,0,0.0,0.0,0.12771560236998025,0.0
bl_span_practical__ni_k2_r1,within_hand_finger_error,1800,194,0.10777777777777778,111,18,0.16216216216216217,0.09278350515463918,0.10420367081113084,1.5045973808860407
bl_span_practical__ni_k2_r2,exact_error,1800,243,0.135,392,24,0.061224489795918366,0.09876543209876543,0.15553977272727273,0.45351473922902497
bl_span_practical__ni_k2_r2,hand_error,1800,243,0.135,281,0,0.0,0.0,0.15997366688610928,0.0
bl_span_practical__ni_k2_r2,within_hand_finger_error,1800,243,0.135,111,24,0.21621621621621623,0.09876543209876543,0.12966252220248667,1.6016016016016015
bl_span_practical__ni_k2_r4,exact_error,1800,328,0.18222222222222223,392,30,0.07653061224489796,0.09146341463414634,0.21164772727272727,0.41998506719761075
bl_span_practical__ni_k2_r4,hand_error,1800,328,0.18222222222222223,281,0,0.0,0.0,0.21593153390388414,0.0
bl_span_practical__ni_k2_r4,within_hand_finger_error,1800,328,0.18222222222222223,111,30,0.2702702702702703,0.09146341463414634,0.17643576080521017,1.4831905075807514
bl_span_practical__ni_k3_r1,exact_error,1800,146,0.0811111111111111,392,14,0.03571428571428571,0.0958904109589041,0.09375,0.44031311154598823
bl_span_practical__ni_k3_r1,hand_error,1800,146,0.0811111111111111,281,0,0.0,0.0,0.09611586570111916,0.0
bl_span_practical__ni_k3_r1,within_hand_finger_error,1800,146,0.0811111111111111,111,14,0.12612612612612611,0.0958904109589041,0.07815275310834814,1.554979637171418
bl_span_practical__ni_k3_r2,exact_error,1800,161,0.08944444444444444,392,16,0.04081632653061224,0.09937888198757763,0.10298295454545454,0.4563316009633667
bl_span_practical__ni_k3_r2,hand_error,1800,161,0.08944444444444444,281,0,0.0,0.0,0.10599078341013825,0.0
bl_span_practical__ni_k3_r2,within_hand_finger_error,1800,161,0.08944444444444444,111,16,0.14414414414414414,0.09937888198757763,0.08584961515689757,1.611549437636394
bl_span_practical__ni_k3_r4,exact_error,1800,188,0.10444444444444445,392,20,0.05102040816326531,0.10638297872340426,0.11931818181818182,0.4884932696482849
bl_span_practical__ni_k3_r4,hand_error,1800,188,0.10444444444444445,281,0,0.0,0.0,0.12376563528637262,0.0
bl_span_practical__ni_k3_r4,within_hand_finger_error,1800,188,0.10444444444444445,111,20,0.18018018018018017,0.10638297872340426,0.0994671403197158,1.7251293847038527
bl_span_practical__ni_k5_r1,exact_error,1800,131,0.07277777777777777,392,13,0.03316326530612245,0.09923664122137404,0.08380681818181818,0.4556784545879421
bl_span_practical__ni_k5_r1,hand_error,1800,131,0.07277777777777777,281,0,0.0,0.0,0.08624094799210007,0.0
bl_span_practical__ni_k5_r1,within_hand_finger_error,1800,131,0.07277777777777777,111,13,0.11711711711711711,0.09923664122137404,0.06986382474837181,1.6092428306168765
bl_span_practical__ni_k5_r2,exact_error,1800,131,0.07277777777777777,392,13,0.03316326530612245,0.09923664122137404,0.08380681818181818,0.4556784545879421
bl_span_practical__ni_k5_r2,hand_error,1800,131,0.07277777777777777,281,0,0.0,0.0,0.08624094799210007,0.0
bl_span_practical__ni_k5_r2,within_hand_finger_error,1800,131,0.07277777777777777,111,13,0.11711711711711711,0.09923664122137404,0.06986382474837181,1.6092428306168765
bl_span_practical__ni_k5_r4,exact_error,1800,131,0.07277777777777777,392,13,0.03316326530612245,0.09923664122137404,0.08380681818181818,0.4556784545879421
bl_span_practical__ni_k5_r4,hand_error,1800,131,0.07277777777777777,281,0,0.0,0.0,0.08624094799210007,0.0
bl_span_practical__ni_k5_r4,within_hand_finger_error,1800,131,0.07277777777777777,111,13,0.11711711711711711,0.09923664122137404,0.06986382474837181,1.6092428306168765
bl_span_comfortable__ni_k2_r1,exact_error,1800,292,0.1622222222222222,392,26,0.0663265306122449,0.08904109589041095,0.18892045454545456,0.4088621750069891
bl_span_comfortable__ni_k2_r1,hand_error,1800,292,0.1622222222222222,281,0,0.0,0.0,0.19223173140223832,0.0
bl_span_comfortable__ni_k2_r1,within_hand_finger_error,1800,292,0.1622222222222222,111,26,0.23423423423423423,0.08904109589041095,0.15748963883955003,1.4439096630877453
bl_span_comfortable__ni_k2_r2,exact_error,1800,338,0.18777777777777777,392,32,0.08163265306122448,0.09467455621301775,0.21732954545454544,0.4347301050597754
bl_span_comfortable__ni_k2_r2,hand_error,1800,338,0.18777777777777777,281,0,0.0,0.0,0.22251481237656354,0.0
bl_span_comfortable__ni_k2_r2,within_hand_finger_error,1800,338,0.18777777777777777,111,32,0.2882882882882883,0.09467455621301775,0.1811722912966252,1.535263073724612
bl_span_comfortable__ni_k2_r4,exact_error,1800,415,0.23055555555555557,392,38,0.09693877551020408,0.09156626506024096,0.2677556818181818,0.42045733956233095
bl_span_comfortable__ni_k2_r4,hand_error,1800,415,0.23055555555555557,281,0,0.0,0.0,0.27320605661619485,0.0
bl_span_comfortable__ni_k2_r4,within_hand_finger_error,1800,415,0.23055555555555557,111,38,0.34234234234234234,0.09156626506024096,0.22320899940793368,1.4848583523282317
bl_span_comfortable__ni_k3_r1,exact_error,1800,247,0.13722222222222222,392,23,0.058673469387755105,0.0931174089068826,0.1590909090909091,0.4275799388581344
bl_span_comfortable__ni_k3_r1,hand_error,1800,247,0.13722222222222222,281,0,0.0,0.0,0.16260697827518103,0.0
bl_span_comfortable__ni_k3_r1,within_hand_finger_error,1800,247,0.13722222222222222,111,23,0.2072072072072072,0.0931174089068826,0.13262285375962107,1.5100120363278258
bl_span_comfortable__ni_k3_r2,exact_error,1800,261,0.145,392,25,0.06377551020408163,0.09578544061302682,0.16761363636363635,0.43983110485573546
bl_span_comfortable__ni_k3_r2,hand_error,1800,261,0.145,281,0,0.0,0.0,0.1718235681369322,0.0
bl_span_comfortable__ni_k3_r2,within_hand_finger_error,1800,261,0.145,111,25,0.22522522522522523,0.09578544061302682,0.13972764949674363,1.5532774153463809
bl_span_comfortable__ni_k3_r4,exact_error,1800,286,0.15888888888888889,392,29,0.07397959183673469,0.10139860139860139,0.1825284090909091,0.4656058227486799
bl_span_comfortable__ni_k3_r4,hand_error,1800,286,0.15888888888888889,281,0,0.0,0.0,0.18828176431863067,0.0
bl_span_comfortable__ni_k3_r4,within_hand_finger_error,1800,286,0.15888888888888889,111,29,0.26126126126126126,0.10139860139860139,0.1521610420367081,1.6443016443016443
bl_span_comfortable__ni_k5_r1,exact_error,1800,233,0.12944444444444445,392,22,0.05612244897959184,0.0944206008583691,0.14985795454545456,0.43356398353332753
bl_span_comfortable__ni_k5_r1,hand_error,1800,233,0.12944444444444445,281,0,0.0,0.0,0.1533903884134299,0.0
bl_span_comfortable__ni_k5_r1,within_hand_finger_error,1800,233,0.12944444444444445,111,22,0.1981981981981982,0.0944206008583691,0.12492599171107165,1.5311448787843638
bl_span_comfortable__ni_k5_r2,exact_error,1800,233,0.12944444444444445,392,22,0.05612244897959184,0.0944206008583691,0.14985795454545456,0.43356398353332753
bl_span_comfortable__ni_k5_r2,hand_error,1800,233,0.12944444444444445,281,0,0.0,0.0,0.1533903884134299,0.0
bl_span_comfortable__ni_k5_r2,within_hand_finger_error,1800,233,0.12944444444444445,111,22,0.1981981981981982,0.0944206008583691,0.12492599171107165,1.5311448787843638
bl_span_comfortable__ni_k5_r4,exact_error,1800,233,0.12944444444444445,392,22,0.05612244897959184,0.0944206008583691,0.14985795454545456,0.43356398353332753
bl_span_comfortable__ni_k5_r4,hand_error,1800,233,0.12944444444444445,281,0,0.0,0.0,0.1533903884134299,0.0
bl_span_comfortable__ni_k5_r4,within_hand_finger_error,1800,233,0.12944444444444445,111,22,0.1981981981981982,0.0944206008583691,0.12492599171107165,1.5311448787843638
bl_span_relative__ni_k2_r1,exact_error,1800,660,0.36666666666666664,392,63,0.16071428571428573,0.09545454545454546,0.4240056818181818,0.4383116883116884
bl_span_relative__ni_k2_r1,hand_error,1800,660,0.36666666666666664,281,2,0.0071174377224199285,0.0030303030303030303,0.43317972350230416,0.019411193788417987
bl_span_relative__ni_k2_r1,within_hand_finger_error,1800,660,0.36666666666666664,111,61,0.5495495495495496,0.09242424242424242,0.354647720544701,1.4987714987714986
bl_span_relative__ni_k2_r2,exact_error,1800,688,0.38222222222222224,392,67,0.17091836734693877,0.09738372093023256,0.44105113636363635,0.44717014712861897
bl_span_relative__ni_k2_r2,hand_error,1800,688,0.38222222222222224,281,2,0.0071174377224199285,0.0029069767441860465,0.45161290322580644,0.01862120334354051
bl_span_relative__ni_k2_r2,within_hand_finger_error,1800,688,0.38222222222222224,111,65,0.5855855855855856,0.09447674418604651,0.3688573120189461,1.5320553111250785
bl_span_relative__ni_k2_r4,exact_error,1800,745,0.41388888888888886,392,71,0.18112244897959184,0.0953020134228188,0.4786931818181818,0.4376112861251884
bl_span_relative__ni_k2_r4,hand_error,1800,745,0.41388888888888886,281,2,0.0071174377224199285,0.0026845637583892616,0.489137590520079,0.017196493825981034
bl_span_relative__ni_k2_r4,within_hand_finger_error,1800,745,0.41388888888888886,111,69,0.6216216216216216,0.09261744966442953,0.40023682652457077,1.5019045891529113
bl_span_relative__ni_k3_r1,exact_error,1800,631,0.35055555555555556,392,61,0.1556122448979592,0.09667194928684628,0.40482954545454547,0.44390180794980433
bl_span_relative__ni_k3_r1,hand_error,1800,631,0.35055555555555556,281,2,0.0071174377224199285,0.003169572107765452,0.4140882159315339,0.020303308875365883
bl_span_relative__ni_k3_r1,within_hand_finger_error,1800,631,0.35055555555555556,111,59,0.5315315315315315,0.09350237717908082,0.33866193013617524,1.5162547650661753
bl_span_relative__ni_k3_r2,exact_error,1800,637,0.35388888888888886,392,62,0.15816326530612246,0.09733124018838304,0.4083806818181818,0.44692916413033035
bl_span_relative__ni_k3_r2,hand_error,1800,637,0.35388888888888886,281,2,0.0071174377224199285,0.0031397174254317113,0.41803818301514156,0.020112068917356157
bl_span_relative__ni_k3_r2,within_hand_finger_error,1800,637,0.35388888888888886,111,60,0.5405405405405406,0.09419152276295134,0.34162226169330967,1.5274300988586704
bl_span_relative__ni_k3_r4,exact_error,1800,653,0.36277777777777775,392,65,0.16581632653061223,0.0995405819295559,0.41761363636363635,0.4570741006969404
bl_span_relative__ni_k3_r4,hand_error,1800,653,0.36277777777777775,281,2,0.0071174377224199285,0.0030627871362940277,0.42857142857142855,0.019619277029641457
bl_span_relative__ni_k3_r4,within_hand_finger_error,1800,653,0.36277777777777775,111,63,0.5675675675675675,0.09647779479326186,0.3493191237418591,1.5645047804312735
bl_span_relative__ni_k5_r1,exact_error,1800,624,0.3466666666666667,392,60,0.15306122448979592,0.09615384615384616,0.4005681818181818,0.4415227629513344
bl_span_relative__ni_k5_r1,hand_error,1800,624,0.3466666666666667,281,2,0.0071174377224199285,0.003205128205128205,0.40947992100065833,0.02053107035313441
bl_span_relative__ni_k5_r1,within_hand_finger_error,1800,624,0.3466666666666667,111,58,0.5225225225225225,0.09294871794871795,0.335109532267614,1.5072765072765073
bl_span_relative__ni_k5_r2,exact_error,1800,624,0.3466666666666667,392,60,0.15306122448979592,0.09615384615384616,0.4005681818181818,0.4415227629513344
bl_span_relative__ni_k5_r2,hand_error,1800,624,0.3466666666666667,281,2,0.0071174377224199285,0.003205128205128205,0.40947992100065833,0.02053107035313441
bl_span_relative__ni_k5_r2,within_hand_finger_error,1800,624,0.3466666666666667,111,58,0.5225225225225225,0.09294871794871795,0.335109532267614,1.5072765072765073
bl_span_relative__ni_k5_r4,exact_error,1800,624,0.3466666666666667,392,60,0.15306122448979592,0.09615384615384616,0.4005681818181818,0.4415227629513344
bl_span_relative__ni_k5_r4,hand_error,1800,624,0.3466666666666667,281,2,0.0071174377224199285,0.003205128205128205,0.40947992100065833,0.02053107035313441
bl_span_relative__ni_k5_r4,within_hand_finger_error,1800,624,0.3466666666666667,111,58,0.5225225225225225,0.09294871794871795,0.335109532267614,1.5072765072765073
bl_crossing__ni_k2_r1,exact_error,1800,95,0.05277777777777778,392,12,0.030612244897959183,0.12631578947368421,0.05894886363636364,0.5800214822771215
bl_crossing__ni_k2_r1,hand_error,1800,95,0.05277777777777778,281,0,0.0,0.0,0.06254114549045425,0.0
bl_crossing__ni_k2_r1,within_hand_finger_error,1800,95,0.05277777777777778,111,12,0.10810810810810811,0.12631578947368421,0.04914150384843102,2.0483641536273116
bl_crossing__ni_k2_r2,exact_error,1800,151,0.08388888888888889,392,19,0.04846938775510204,0.12582781456953643,0.09375,0.5777807811866469
bl_crossing__ni_k2_r2,hand_error,1800,151,0.08388888888888889,281,0,0.0,0.0,0.09940750493745885,0.0
bl_crossing__ni_k2_r2,within_hand_finger_error,1800,151,0.08388888888888889,111,19,0.17117117117117117,0.12582781456953643,0.07815275310834814,2.0404510470735637
bl_crossing__ni_k2_r4,exact_error,1800,246,0.13666666666666666,392,26,0.0663265306122449,0.10569105691056911,0.15625,0.4853160776505725
bl_crossing__ni_k2_r4,hand_error,1800,246,0.13666666666666666,281,0,0.0,0.0,0.1619486504279131,0.0
bl_crossing__ni_k2_r4,within_hand_finger_error,1800,246,0.13666666666666666,111,26,0.23423423423423423,0.10569105691056911,0.13025458851391356,1.7139090309822018
bl_crossing__ni_k3_r1,exact_error,1800,43,0.02388888888888889,392,8,0.02040816326530612,0.18604651162790697,0.024857954545454544,0.8542952064546749
bl_crossing__ni_k3_r1,hand_error,1800,43,0.02388888888888889,281,0,0.0,0.0,0.028308097432521395,0.0
bl_crossing__ni_k3_r1,within_hand_finger_error,1800,43,0.02388888888888889,111,8,0.07207207207207207,0.18604651162790697,0.020722320899940794,3.0169704588309236
bl_crossing__ni_k3_r2,exact_error,1800,58,0.03222222222222222,392,10,0.025510204081632654,0.1724137931034483,0.03409090909090909,0.7916959887403238
bl_crossing__ni_k3_r2,hand_error,1800,58,0.03222222222222222,281,0,0.0,0.0,0.03818301514154049,0.0
bl_crossing__ni_k3_r2,within_hand_finger_error,1800,58,0.03222222222222222,111,10,0.09009009009009009,0.1724137931034483,0.028419182948490232,2.7958993476234855
bl_crossing__ni_k3_r4,exact_error,1800,89,0.049444444444444444,392,14,0.03571428571428571,0.15730337078651685,0.053267045454545456,0.7223113964686999
bl_crossing__ni_k3_r4,hand_error,1800,89,0.049444444444444444,281,0,0.0,0.0,0.05859117840684661,0.0
bl_crossing__ni_k3_r4,within_hand_finger_error,1800,89,0.049444444444444444,111,14,0.12612612612612611,0.15730337078651685,0.04440497335701599,2.5508654722137867
bl_crossing__ni_k5_r1,exact_error,1800,28,0.015555555555555555,392,7,0.017857142857142856,0.25,0.014914772727272728,1.1479591836734695
bl_crossing__ni_k5_r1,hand_error,1800,28,0.015555555555555555,281,0,0.0,0.0,0.018433179723502304,0.0
bl_crossing__ni_k5_r1,within_hand_finger_error,1800,28,0.015555555555555555,111,7,0.06306306306306306,0.25,0.012433392539964476,4.054054054054054
bl_crossing__ni_k5_r2,exact_error,1800,28,0.015555555555555555,392,7,0.017857142857142856,0.25,0.014914772727272728,1.1479591836734695
bl_crossing__ni_k5_r2,hand_error,1800,28,0.015555555555555555,281,0,0.0,0.0,0.018433179723502304,0.0
bl_crossing__ni_k5_r2,within_hand_finger_error,1800,28,0.015555555555555555,111,7,0.06306306306306306,0.25,0.012433392539964476,4.054054054054054
bl_crossing__ni_k5_r4,exact_error,1800,28,0.015555555555555555,392,7,0.017857142857142856,0.25,0.014914772727272728,1.1479591836734695
bl_crossing__ni_k5_r4,hand_error,1800,28,0.015555555555555555,281,0,0.0,0.0,0.018433179723502304,0.0
bl_crossing__ni_k5_r4,within_hand_finger_error,1800,28,0.015555555555555555,111,7,0.06306306306306306,0.25,0.012433392539964476,4.054054054054054
bl_step_crossing__ni_k2_r1,exact_error,1800,77,0.042777777777777776,392,8,0.02040816326530612,0.1038961038961039,0.049005681818181816,0.47707394646170165
bl_step_crossing__ni_k2_r1,hand_error,1800,77,0.042777777777777776,281,0,0.0,0.0,0.05069124423963134,0.0
bl_step_crossing__ni_k2_r1,within_hand_finger_error,1800,77,0.042777777777777776,111,8,0.07207207207207207,0.1038961038961039,0.04085257548845471,1.684801684801685
bl_step_crossing__ni_k2_r2,exact_error,1800,133,0.07388888888888889,392,15,0.03826530612244898,0.11278195488721804,0.08380681818181818,0.5178763234617155
bl_step_crossing__ni_k2_r2,hand_error,1800,133,0.07388888888888889,281,0,0.0,0.0,0.08755760368663594,0.0
bl_step_crossing__ni_k2_r2,within_hand_finger_error,1800,133,0.07388888888888889,111,15,0.13513513513513514,0.11278195488721804,0.06986382474837181,1.8288965657386709
bl_step_crossing__ni_k2_r4,exact_error,1800,228,0.12666666666666668,392,22,0.05612244897959184,0.09649122807017543,0.14630681818181818,0.4430719656283566
bl_step_crossing__ni_k2_r4,hand_error,1800,228,0.12666666666666668,281,0,0.0,0.0,0.15009874917709018,0.0
bl_step_crossing__ni_k2_r4,within_hand_finger_error,1800,228,0.12666666666666668,111,22,0.1981981981981982,0.09649122807017543,0.12196566015393724,1.5647226173541962
bl_step_crossing__ni_k3_r1,exact_error,1800,25,0.013888888888888888,392,4,0.01020408163265306,0.16,0.014914772727272728,0.7346938775510204
bl_step_crossing__ni_k3_r1,hand_error,1800,25,0.013888888888888888,281,0,0.0,0.0,0.016458196181698487,0.0
bl_step_crossing__ni_k3_r1,within_hand_finger_error,1800,25,0.013888888888888888,111,4,0.036036036036036036,0.16,0.012433392539964476,2.5945945945945947
bl_step_crossing__ni_k3_r2,exact_error,1800,40,0.022222222222222223,392,6,0.015306122448979591,0.15,0.024147727272727272,0.6887755102040817
bl_step_crossing__ni_k3_r2,hand_error,1800,40,0.022222222222222223,281,0,0.0,0.0,0.026333113890717578,0.0
bl_step_crossing__ni_k3_r2,within_hand_finger_error,1800,40,0.022222222222222223,111,6,0.05405405405405406,0.15,0.020130254588513915,2.4324324324324325
bl_step_crossing__ni_k3_r4,exact_error,1800,71,0.03944444444444444,392,10,0.025510204081632654,0.14084507042253522,0.04332386363636364,0.6467375682667433
bl_step_crossing__ni_k3_r4,hand_error,1800,71,0.03944444444444444,281,0,0.0,0.0,0.0467412771560237,0.0
bl_step_crossing__ni_k3_r4,within_hand_finger_error,1800,71,0.03944444444444444,111,10,0.09009009009009009,0.14084507042253522,0.036116044997039666,2.2839741149600306
bl_step_crossing__ni_k5_r1,exact_error,1800,10,0.005555555555555556,392,3,0.007653061224489796,0.3,0.004971590909090909,1.3775510204081634
bl_step_crossing__ni_k5_r1,hand_error,1800,10,0.005555555555555556,281,0,0.0,0.0,0.0065832784726793945,0.0
bl_step_crossing__ni_k5_r1,within_hand_finger_error,1800,10,0.005555555555555556,111,3,0.02702702702702703,0.3,0.0041444641799881585,4.864864864864865
bl_step_crossing__ni_k5_r2,exact_error,1800,10,0.005555555555555556,392,3,0.007653061224489796,0.3,0.004971590909090909,1.3775510204081634
bl_step_crossing__ni_k5_r2,hand_error,1800,10,0.005555555555555556,281,0,0.0,0.0,0.0065832784726793945,0.0
bl_step_crossing__ni_k5_r2,within_hand_finger_error,1800,10,0.005555555555555556,111,3,0.02702702702702703,0.3,0.0041444641799881585,4.864864864864865
bl_step_crossing__ni_k5_r4,exact_error,1800,10,0.005555555555555556,392,3,0.007653061224489796,0.3,0.004971590909090909,1.3775510204081634
bl_step_crossing__ni_k5_r4,hand_error,1800,10,0.005555555555555556,281,0,0.0,0.0,0.0065832784726793945,0.0
bl_step_crossing__ni_k5_r4,within_hand_finger_error,1800,10,0.005555555555555556,111,3,0.02702702702702703,0.3,0.0041444641799881585,4.864864864864865
bl_rate_q995__ni_k2_r1,exact_error,1800,79,0.04388888888888889,392,8,0.02040816326530612,0.10126582278481013,0.05042613636363636,0.46499612503229143
bl_rate_q995__ni_k2_r1,hand_error,1800,79,0.04388888888888889,281,0,0.0,0.0,0.05200789993416721,0.0
bl_rate_q995__ni_k2_r1,within_hand_finger_error,1800,79,0.04388888888888889,111,8,0.07207207207207207,0.10126582278481013,0.04203670811130847,1.6421484775915156
bl_rate_q995__ni_k2_r2,exact_error,1800,135,0.075,392,15,0.03826530612244898,0.1111111111111111,0.08522727272727272,0.5102040816326531
bl_rate_q995__ni_k2_r2,hand_error,1800,135,0.075,281,0,0.0,0.0,0.08887425938117183,0.0
bl_rate_q995__ni_k2_r2,within_hand_finger_error,1800,135,0.075,111,15,0.13513513513513514,0.1111111111111111,0.07104795737122557,1.8018018018018016
bl_rate_q995__ni_k2_r4,exact_error,1800,231,0.12833333333333333,392,22,0.05612244897959184,0.09523809523809523,0.1484375,0.43731778425655976
bl_rate_q995__ni_k2_r4,hand_error,1800,231,0.12833333333333333,281,0,0.0,0.0,0.15207373271889402,0.0
bl_rate_q995__ni_k2_r4,within_hand_finger_error,1800,231,0.12833333333333333,111,22,0.1981981981981982,0.09523809523809523,0.12374185908821789,1.5444015444015442
bl_rate_q995__ni_k3_r1,exact_error,1800,25,0.013888888888888888,392,4,0.01020408163265306,0.16,0.014914772727272728,0.7346938775510204
bl_rate_q995__ni_k3_r1,hand_error,1800,25,0.013888888888888888,281,0,0.0,0.0,0.016458196181698487,0.0
bl_rate_q995__ni_k3_r1,within_hand_finger_error,1800,25,0.013888888888888888,111,4,0.036036036036036036,0.16,0.012433392539964476,2.5945945945945947
bl_rate_q995__ni_k3_r2,exact_error,1800,41,0.02277777777777778,392,7,0.017857142857142856,0.17073170731707318,0.024147727272727272,0.7839721254355402
bl_rate_q995__ni_k3_r2,hand_error,1800,41,0.02277777777777778,281,0,0.0,0.0,0.026991441737985518,0.0
bl_rate_q995__ni_k3_r2,within_hand_finger_error,1800,41,0.02277777777777778,111,7,0.06306306306306306,0.17073170731707318,0.020130254588513915,2.768622280817403
bl_rate_q995__ni_k3_r4,exact_error,1800,72,0.04,392,11,0.02806122448979592,0.1527777777777778,0.04332386363636364,0.7015306122448981
bl_rate_q995__ni_k3_r4,hand_error,1800,72,0.04,281,0,0.0,0.0,0.04739960500329164,0.0
bl_rate_q995__ni_k3_r4,within_hand_finger_error,1800,72,0.04,111,11,0.0990990990990991,0.1527777777777778,0.036116044997039666,2.4774774774774775
bl_rate_q995__ni_k5_r1,exact_error,1800,8,0.0044444444444444444,392,2,0.00510204081632653,0.25,0.004261363636363636,1.1479591836734695
bl_rate_q995__ni_k5_r1,hand_error,1800,8,0.0044444444444444444,281,0,0.0,0.0,0.005266622778143515,0.0
bl_rate_q995__ni_k5_r1,within_hand_finger_error,1800,8,0.0044444444444444444,111,2,0.018018018018018018,0.25,0.003552397868561279,4.054054054054054
bl_rate_q995__ni_k5_r2,exact_error,1800,8,0.0044444444444444444,392,2,0.00510204081632653,0.25,0.004261363636363636,1.1479591836734695
bl_rate_q995__ni_k5_r2,hand_error,1800,8,0.0044444444444444444,281,0,0.0,0.0,0.005266622778143515,0.0
bl_rate_q995__ni_k5_r2,within_hand_finger_error,1800,8,0.0044444444444444444,111,2,0.018018018018018018,0.25,0.003552397868561279,4.054054054054054
bl_rate_q995__ni_k5_r4,exact_error,1800,8,0.0044444444444444444,392,2,0.00510204081632653,0.25,0.004261363636363636,1.1479591836734695
bl_rate_q995__ni_k5_r4,hand_error,1800,8,0.0044444444444444444,281,0,0.0,0.0,0.005266622778143515,0.0
bl_rate_q995__ni_k5_r4,within_hand_finger_error,1800,8,0.0044444444444444444,111,2,0.018018018018018018,0.25,0.003552397868561279,4.054054054054054
bl_rate_q990__ni_k2_r1,exact_error,1800,87,0.04833333333333333,392,10,0.025510204081632654,0.11494252873563218,0.0546875,0.5277973258268825
bl_rate_q990__ni_k2_r1,hand_error,1800,87,0.04833333333333333,281,0,0.0,0.0,0.05727452271231073,0.0
bl_rate_q990__ni_k2_r1,within_hand_finger_error,1800,87,0.04833333333333333,111,10,0.09009009009009009,0.11494252873563218,0.045589105979869746,1.863932898415657
bl_rate_q990__ni_k2_r2,exact_error,1800,143,0.07944444444444444,392,17,0.04336734693877551,0.11888111888111888,0.08948863636363637,0.5458826887398316
bl_rate_q990__ni_k2_r2,hand_error,1800,143,0.07944444444444444,281,0,0.0,0.0,0.09414088215931533,0.0
bl_rate_q990__ni_k2_r2,within_hand_finger_error,1800,143,0.07944444444444444,111,17,0.15315315315315314,0.11888111888111888,0.07460035523978685,1.9278019278019278
bl_rate_q990__ni_k2_r4,exact_error,1800,237,0.13166666666666665,392,24,0.061224489795918366,0.10126582278481013,0.1512784090909091,0.46499612503229143
bl_rate_q990__ni_k2_r4,hand_error,1800,237,0.13166666666666665,281,0,0.0,0.0,0.15602369980250164,0.0
bl_rate_q990__ni_k2_r4,within_hand_finger_error,1800,237,0.13166666666666665,111,24,0.21621621621621623,0.10126582278481013,0.1261101243339254,1.6421484775915156
bl_rate_q990__ni_k3_r1,exact_error,1800,33,0.018333333333333333,392,6,0.015306122448979591,0.18181818181818182,0.019176136363636364,0.8348794063079779
bl_rate_q990__ni_k3_r1,hand_error,1800,33,0.018333333333333333,281,0,0.0,0.0,0.021724818959842,0.0
bl_rate_q990__ni_k3_r1,within_hand_finger_error,1800,33,0.018333333333333333,111,6,0.05405405405405406,0.18181818181818182,0.015985790408525755,2.9484029484029484
bl_rate_q990__ni_k3_r2,exact_error,1800,49,0.02722222222222222,392,9,0.02295918367346939,0.1836734693877551,0.028409090909090908,0.8433985839233653
bl_rate_q990__ni_k3_r2,hand_error,1800,49,0.02722222222222222,281,0,0.0,0.0,0.03225806451612903,0.0
bl_rate_q990__ni_k3_r2,within_hand_finger_error,1800,49,0.02722222222222222,111,9,0.08108108108108109,0.1836734693877551,0.023682652457075192,2.978488692774407
bl_rate_q990__ni_k3_r4,exact_error,1800,80,0.044444444444444446,392,13,0.03316326530612245,0.1625,0.04758522727272727,0.7461734693877552
bl_rate_q990__ni_k3_r4,hand_error,1800,80,0.044444444444444446,281,0,0.0,0.0,0.052666227781435156,0.0
bl_rate_q990__ni_k3_r4,within_hand_finger_error,1800,80,0.044444444444444446,111,13,0.11711711711711711,0.1625,0.03966844286560095,2.635135135135135
bl_rate_q990__ni_k5_r1,exact_error,1800,17,0.009444444444444445,392,4,0.01020408163265306,0.23529411764705882,0.009232954545454546,1.0804321728691477
bl_rate_q990__ni_k5_r1,hand_error,1800,17,0.009444444444444445,281,0,0.0,0.0,0.01119157340355497,0.0
bl_rate_q990__ni_k5_r1,within_hand_finger_error,1800,17,0.009444444444444445,111,4,0.036036036036036036,0.23529411764705882,0.0076968620485494375,3.8155802861685215
bl_rate_q990__ni_k5_r2,exact_error,1800,17,0.009444444444444445,392,4,0.01020408163265306,0.23529411764705882,0.009232954545454546,1.0804321728691477
bl_rate_q990__ni_k5_r2,hand_error,1800,17,0.009444444444444445,281,0,0.0,0.0,0.01119157340355497,0.0
bl_rate_q990__ni_k5_r2,within_hand_finger_error,1800,17,0.009444444444444445,111,4,0.036036036036036036,0.23529411764705882,0.0076968620485494375,3.8155802861685215
bl_rate_q990__ni_k5_r4,exact_error,1800,17,0.009444444444444445,392,4,0.01020408163265306,0.23529411764705882,0.009232954545454546,1.0804321728691477
bl_rate_q990__ni_k5_r4,hand_error,1800,17,0.009444444444444445,281,0,0.0,0.0,0.01119157340355497,0.0
bl_rate_q990__ni_k5_r4,within_hand_finger_error,1800,17,0.009444444444444445,111,4,0.036036036036036036,0.23529411764705882,0.0076968620485494375,3.8155802861685215
bl_rate_q975__ni_k2_r1,exact_error,1800,112,0.06222222222222222,392,12,0.030612244897959183,0.10714285714285714,0.07102272727272728,0.49198250728862974
bl_rate_q975__ni_k2_r1,hand_error,1800,112,0.06222222222222222,281,0,0.0,0.0,0.07373271889400922,0.0
bl_rate_q975__ni_k2_r1,within_hand_finger_error,1800,112,0.06222222222222222,111,12,0.10810810810810811,0.10714285714285714,0.05920663114268798,1.7374517374517373
bl_rate_q975__ni_k2_r2,exact_error,1800,167,0.09277777777777778,392,19,0.04846938775510204,0.11377245508982035,0.10511363636363637,0.5224245386777465
bl_rate_q975__ni_k2_r2,hand_error,1800,167,0.09277777777777778,281,0,0.0,0.0,0.10994075049374588,0.0
bl_rate_q975__ni_k2_r2,within_hand_finger_error,1800,167,0.09277777777777778,111,19,0.17117117117117117,0.11377245508982035,0.08762581409117821,1.844958731186276
bl_rate_q975__ni_k2_r4,exact_error,1800,259,0.1438888888888889,392,26,0.0663265306122449,0.10038610038610038,0.16548295454545456,0.460956583405563
bl_rate_q975__ni_k2_r4,hand_error,1800,259,0.1438888888888889,281,0,0.0,0.0,0.17050691244239632,0.0
bl_rate_q975__ni_k2_r4,within_hand_finger_error,1800,259,0.1438888888888889,111,26,0.23423423423423423,0.10038610038610038,0.137951450562463,1.62788270896379
bl_rate_q975__ni_k3_r1,exact_error,1800,58,0.03222222222222222,392,8,0.02040816326530612,0.13793103448275862,0.03551136363636364,0.6333567909922591
bl_rate_q975__ni_k3_r1,hand_error,1800,58,0.03222222222222222,281,0,0.0,0.0,0.03818301514154049,0.0
bl_rate_q975__ni_k3_r1,within_hand_finger_error,1800,58,0.03222222222222222,111,8,0.07207207207207207,0.13793103448275862,0.02960331557134399,2.2367194780987885
bl_rate_q975__ni_k3_r2,exact_error,1800,74,0.04111111111111111,392,11,0.02806122448979592,0.14864864864864866,0.044744318181818184,0.6825703254274683
bl_rate_q975__ni_k3_r2,hand_error,1800,74,0.04111111111111111,281,0,0.0,0.0,0.048716260697827515,0.0
bl_rate_q975__ni_k3_r2,within_hand_finger_error,1800,74,0.04111111111111111,111,11,0.0990990990990991,0.14864864864864866,0.037300177619893425,2.410518626734843
bl_rate_q975__ni_k3_r4,exact_error,1800,103,0.05722222222222222,392,15,0.03826530612244898,0.14563106796116504,0.0625,0.6687140875767783
bl_rate_q975__ni_k3_r4,hand_error,1800,103,0.05722222222222222,281,0,0.0,0.0,0.06780776826859776,0.0
bl_rate_q975__ni_k3_r4,within_hand_finger_error,1800,103,0.05722222222222222,111,15,0.13513513513513514,0.14563106796116504,0.05210183540556542,2.3615848858567303
bl_rate_q975__ni_k5_r1,exact_error,1800,42,0.023333333333333334,392,6,0.015306122448979591,0.14285714285714285,0.02556818181818182,0.6559766763848397
bl_rate_q975__ni_k5_r1,hand_error,1800,42,0.023333333333333334,281,0,0.0,0.0,0.027649769585253458,0.0
bl_rate_q975__ni_k5_r1,within_hand_finger_error,1800,42,0.023333333333333334,111,6,0.05405405405405406,0.14285714285714285,0.021314387211367674,2.3166023166023164
bl_rate_q975__ni_k5_r2,exact_error,1800,42,0.023333333333333334,392,6,0.015306122448979591,0.14285714285714285,0.02556818181818182,0.6559766763848397
bl_rate_q975__ni_k5_r2,hand_error,1800,42,0.023333333333333334,281,0,0.0,0.0,0.027649769585253458,0.0
bl_rate_q975__ni_k5_r2,within_hand_finger_error,1800,42,0.023333333333333334,111,6,0.05405405405405406,0.14285714285714285,0.021314387211367674,2.3166023166023164
bl_rate_q975__ni_k5_r4,exact_error,1800,42,0.023333333333333334,392,6,0.015306122448979591,0.14285714285714285,0.02556818181818182,0.6559766763848397
bl_rate_q975__ni_k5_r4,hand_error,1800,42,0.023333333333333334,281,0,0.0,0.0,0.027649769585253458,0.0
bl_rate_q975__ni_k5_r4,within_hand_finger_error,1800,42,0.023333333333333334,111,6,0.05405405405405406,0.14285714285714285,0.021314387211367674,2.3166023166023164
bl_hmm_disagreement__ni_k2_r1,exact_error,1800,1033,0.5738888888888889,392,96,0.24489795918367346,0.09293320425943853,0.6654829545454546,0.4267341011912994
bl_hmm_disagreement__ni_k2_r1,hand_error,1800,1033,0.5738888888888889,281,4,0.014234875444839857,0.003872216844143272,0.6774193548387096,0.024804236012305657
bl_hmm_disagreement__ni_k2_r1,within_hand_finger_error,1800,1033,0.5738888888888889,111,92,0.8288288288288288,0.08906098741529525,0.5571343990526939,1.444232228356139
bl_hmm_disagreement__ni_k2_r2,exact_error,1800,1045,0.5805555555555556,392,98,0.25,0.0937799043062201,0.6725852272727273,0.4306220095693781
bl_hmm_disagreement__ni_k2_r2,hand_error,1800,1045,0.5805555555555556,281,4,0.014234875444839857,0.003827751196172249,0.685319289005925,0.024519402680106932
bl_hmm_disagreement__ni_k2_r2,within_hand_finger_error,1800,1045,0.5805555555555556,111,94,0.8468468468468469,0.08995215311004785,0.5630550621669627,1.458683563946722
bl_hmm_disagreement__ni_k2_r4,exact_error,1800,1071,0.595,392,98,0.25,0.0915032679738562,0.6910511363636364,0.42016806722689076
bl_hmm_disagreement__ni_k2_r4,hand_error,1800,1071,0.595,281,4,0.014234875444839857,0.003734827264239029,0.7024358130348913,0.02392416041149556
bl_hmm_disagreement__ni_k2_r4,within_hand_finger_error,1800,1071,0.595,111,94,0.8468468468468469,0.08776844070961717,0.5784487862640616,1.4232720115073054
bl_hmm_disagreement__ni_k3_r1,exact_error,1800,1013,0.5627777777777778,392,95,0.2423469387755102,0.09378084896347483,0.6519886363636364,0.430626347281262
bl_hmm_disagreement__ni_k3_r1,hand_error,1800,1013,0.5627777777777778,281,4,0.014234875444839857,0.003948667324777887,0.6642527978933509,0.025293954393595008
bl_hmm_disagreement__ni_k3_r1,within_hand_finger_error,1800,1013,0.5627777777777778,111,91,0.8198198198198198,0.08983218163869694,0.5458851391355832,1.4567380806275179
bl_hmm_disagreement__ni_k3_r2,exact_error,1800,1019,0.5661111111111111,392,97,0.24744897959183673,0.09519136408243375,0.6548295454545454,0.4371032024193387
bl_hmm_disagreement__ni_k3_r2,hand_error,1800,1019,0.5661111111111111,281,4,0.014234875444839857,0.003925417075564278,0.6682027649769585,0.025145020412867262
bl_hmm_disagreement__ni_k3_r2,within_hand_finger_error,1800,1019,0.5661111111111111,111,93,0.8378378378378378,0.09126594700686948,0.5482534043812907,1.4799883298411267
bl_hmm_disagreement__ni_k3_r4,exact_error,1800,1025,0.5694444444444444,392,97,0.24744897959183673,0.09463414634146342,0.6590909090909091,0.43454454952712795
bl_hmm_disagreement__ni_k3_r4,hand_error,1800,1025,0.5694444444444444,281,4,0.014234875444839857,0.003902439024390244,0.6721527320605661,0.02499783004947487
bl_hmm_disagreement__ni_k3_r4,within_hand_finger_error,1800,1025,0.5694444444444444,111,93,0.8378378378378378,0.09073170731707317,0.551805802249852,1.4713249835201054
bl_hmm_disagreement__ni_k5_r1,exact_error,1800,1009,0.5605555555555556,392,95,0.2423469387755102,0.09415262636273539,0.6491477272727273,0.4323334884003156
bl_hmm_disagreement__ni_k5_r1,hand_error,1800,1009,0.5605555555555556,281,4,0.014234875444839857,0.003964321110009911,0.6616194865042792,0.025394227750953163
bl_hmm_disagreement__ni_k5_r1,within_hand_finger_error,1800,1009,0.5605555555555556,111,91,0.8198198198198198,0.09018830525272548,0.5435168738898757,1.462513058152305
bl_hmm_disagreement__ni_k5_r2,exact_error,1800,1009,0.5605555555555556,392,95,0.2423469387755102,0.09415262636273539,0.6491477272727273,0.4323334884003156
bl_hmm_disagreement__ni_k5_r2,hand_error,1800,1009,0.5605555555555556,281,4,0.014234875444839857,0.003964321110009911,0.6616194865042792,0.025394227750953163
bl_hmm_disagreement__ni_k5_r2,within_hand_finger_error,1800,1009,0.5605555555555556,111,91,0.8198198198198198,0.09018830525272548,0.5435168738898757,1.462513058152305
bl_hmm_disagreement__ni_k5_r4,exact_error,1800,1009,0.5605555555555556,392,95,0.2423469387755102,0.09415262636273539,0.6491477272727273,0.4323334884003156
bl_hmm_disagreement__ni_k5_r4,hand_error,1800,1009,0.5605555555555556,281,4,0.014234875444839857,0.003964321110009911,0.6616194865042792,0.025394227750953163
bl_hmm_disagreement__ni_k5_r4,within_hand_finger_error,1800,1009,0.5605555555555556,111,91,0.8198198198198198,0.09018830525272548,0.5435168738898757,1.462513058152305
bl_practical_or_rate995__ni_k2_r1,exact_error,1800,202,0.11222222222222222,392,20,0.05102040816326531,0.09900990099009901,0.12926136363636365,0.4546373004647404
bl_practical_or_rate995__ni_k2_r1,hand_error,1800,202,0.11222222222222222,281,0,0.0,0.0,0.13298222514812377,0.0
bl_practical_or_rate995__ni_k2_r1,within_hand_finger_error,1800,202,0.11222222222222222,111,20,0.18018018018018017,0.09900990099009901,0.10775606867969213,1.6055659620016056
bl_practical_or_rate995__ni_k2_r2,exact_error,1800,250,0.1388888888888889,392,25,0.06377551020408163,0.1,0.15980113636363635,0.4591836734693878
bl_practical_or_rate995__ni_k2_r2,hand_error,1800,250,0.1388888888888889,281,0,0.0,0.0,0.16458196181698487,0.0
bl_practical_or_rate995__ni_k2_r2,within_hand_finger_error,1800,250,0.1388888888888889,111,25,0.22522522522522523,0.1,0.13321492007104796,1.6216216216216217
bl_practical_or_rate995__ni_k2_r4,exact_error,1800,335,0.18611111111111112,392,31,0.07908163265306123,0.09253731343283582,0.2159090909090909,0.42491623515077676
bl_practical_or_rate995__ni_k2_r4,hand_error,1800,335,0.18611111111111112,281,0,0.0,0.0,0.2205398288347597,0.0
bl_practical_or_rate995__ni_k2_r4,within_hand_finger_error,1800,335,0.18611111111111112,111,31,0.27927927927927926,0.09253731343283582,0.17998815867377146,1.5006050826946349
bl_practical_or_rate995__ni_k3_r1,exact_error,1800,154,0.08555555555555555,392,16,0.04081632653061224,0.1038961038961039,0.09801136363636363,0.47707394646170165
bl_practical_or_rate995__ni_k3_r1,hand_error,1800,154,0.08555555555555555,281,0,0.0,0.0,0.10138248847926268,0.0
bl_practical_or_rate995__ni_k3_r1,within_hand_finger_error,1800,154,0.08555555555555555,111,16,0.14414414414414414,0.1038961038961039,0.08170515097690942,1.684801684801685
bl_practical_or_rate995__ni_k3_r2,exact_error,1800,169,0.09388888888888888,392,18,0.04591836734693878,0.10650887573964497,0.10724431818181818,0.48907136819224734
bl_practical_or_rate995__ni_k3_r2,hand_error,1800,169,0.09388888888888888,281,0,0.0,0.0,0.11125740618828177,0.0
bl_practical_or_rate995__ni_k3_r2,within_hand_finger_error,1800,169,0.09388888888888888,111,18,0.16216216216216217,0.10650887573964497,0.08940201302545885,1.7271709579401886
bl_practical_or_rate995__ni_k3_r4,exact_error,1800,196,0.10888888888888888,392,22,0.05612244897959184,0.11224489795918367,0.12357954545454546,0.5154102457309455
bl_practical_or_rate995__ni_k3_r4,hand_error,1800,196,0.10888888888888888,281,0,0.0,0.0,0.12903225806451613,0.0
bl_practical_or_rate995__ni_k3_r4,within_hand_finger_error,1800,196,0.10888888888888888,111,22,0.1981981981981982,0.11224489795918367,0.10301953818827708,1.8201875344732488
bl_practical_or_rate995__ni_k5_r1,exact_error,1800,139,0.07722222222222222,392,15,0.03826530612244898,0.1079136690647482,0.08806818181818182,0.4955219497871091
bl_practical_or_rate995__ni_k5_r1,hand_error,1800,139,0.07722222222222222,281,0,0.0,0.0,0.09150757077024359,0.0
bl_practical_or_rate995__ni_k5_r1,within_hand_finger_error,1800,139,0.07722222222222222,111,15,0.13513513513513514,0.1079136690647482,0.07341622261693309,1.74995139023916
bl_practical_or_rate995__ni_k5_r2,exact_error,1800,139,0.07722222222222222,392,15,0.03826530612244898,0.1079136690647482,0.08806818181818182,0.4955219497871091
bl_practical_or_rate995__ni_k5_r2,hand_error,1800,139,0.07722222222222222,281,0,0.0,0.0,0.09150757077024359,0.0
bl_practical_or_rate995__ni_k5_r2,within_hand_finger_error,1800,139,0.07722222222222222,111,15,0.13513513513513514,0.1079136690647482,0.07341622261693309,1.74995139023916
bl_practical_or_rate995__ni_k5_r4,exact_error,1800,139,0.07722222222222222,392,15,0.03826530612244898,0.1079136690647482,0.08806818181818182,0.4955219497871091
bl_practical_or_rate995__ni_k5_r4,hand_error,1800,139,0.07722222222222222,281,0,0.0,0.0,0.09150757077024359,0.0
bl_practical_or_rate995__ni_k5_r4,within_hand_finger_error,1800,139,0.07722222222222222,111,15,0.13513513513513514,0.1079136690647482,0.07341622261693309,1.74995139023916
bl_practical_or_crossing__ni_k2_r1,exact_error,1800,194,0.10777777777777778,392,18,0.04591836734693878,0.09278350515463918,0.125,0.4260467073427309
bl_practical_or_crossing__ni_k2_r1,hand_error,1800,194,0.10777777777777778,281,0,0.0,0.0,0.12771560236998025,0.0
bl_practical_or_crossing__ni_k2_r1,within_hand_finger_error,1800,194,0.10777777777777778,111,18,0.16216216216216217,0.09278350515463918,0.10420367081113084,1.5045973808860407
bl_practical_or_crossing__ni_k2_r2,exact_error,1800,243,0.135,392,24,0.061224489795918366,0.09876543209876543,0.15553977272727273,0.45351473922902497
bl_practical_or_crossing__ni_k2_r2,hand_error,1800,243,0.135,281,0,0.0,0.0,0.15997366688610928,0.0
bl_practical_or_crossing__ni_k2_r2,within_hand_finger_error,1800,243,0.135,111,24,0.21621621621621623,0.09876543209876543,0.12966252220248667,1.6016016016016015
bl_practical_or_crossing__ni_k2_r4,exact_error,1800,328,0.18222222222222223,392,30,0.07653061224489796,0.09146341463414634,0.21164772727272727,0.41998506719761075
bl_practical_or_crossing__ni_k2_r4,hand_error,1800,328,0.18222222222222223,281,0,0.0,0.0,0.21593153390388414,0.0
bl_practical_or_crossing__ni_k2_r4,within_hand_finger_error,1800,328,0.18222222222222223,111,30,0.2702702702702703,0.09146341463414634,0.17643576080521017,1.4831905075807514
bl_practical_or_crossing__ni_k3_r1,exact_error,1800,146,0.0811111111111111,392,14,0.03571428571428571,0.0958904109589041,0.09375,0.44031311154598823
bl_practical_or_crossing__ni_k3_r1,hand_error,1800,146,0.0811111111111111,281,0,0.0,0.0,0.09611586570111916,0.0
bl_practical_or_crossing__ni_k3_r1,within_hand_finger_error,1800,146,0.0811111111111111,111,14,0.12612612612612611,0.0958904109589041,0.07815275310834814,1.554979637171418
bl_practical_or_crossing__ni_k3_r2,exact_error,1800,161,0.08944444444444444,392,16,0.04081632653061224,0.09937888198757763,0.10298295454545454,0.4563316009633667
bl_practical_or_crossing__ni_k3_r2,hand_error,1800,161,0.08944444444444444,281,0,0.0,0.0,0.10599078341013825,0.0
bl_practical_or_crossing__ni_k3_r2,within_hand_finger_error,1800,161,0.08944444444444444,111,16,0.14414414414414414,0.09937888198757763,0.08584961515689757,1.611549437636394
bl_practical_or_crossing__ni_k3_r4,exact_error,1800,188,0.10444444444444445,392,20,0.05102040816326531,0.10638297872340426,0.11931818181818182,0.4884932696482849
bl_practical_or_crossing__ni_k3_r4,hand_error,1800,188,0.10444444444444445,281,0,0.0,0.0,0.12376563528637262,0.0
bl_practical_or_crossing__ni_k3_r4,within_hand_finger_error,1800,188,0.10444444444444445,111,20,0.18018018018018017,0.10638297872340426,0.0994671403197158,1.7251293847038527
bl_practical_or_crossing__ni_k5_r1,exact_error,1800,131,0.07277777777777777,392,13,0.03316326530612245,0.09923664122137404,0.08380681818181818,0.4556784545879421
bl_practical_or_crossing__ni_k5_r1,hand_error,1800,131,0.07277777777777777,281,0,0.0,0.0,0.08624094799210007,0.0
bl_practical_or_crossing__ni_k5_r1,within_hand_finger_error,1800,131,0.07277777777777777,111,13,0.11711711711711711,0.09923664122137404,0.06986382474837181,1.6092428306168765
bl_practical_or_crossing__ni_k5_r2,exact_error,1800,131,0.07277777777777777,392,13,0.03316326530612245,0.09923664122137404,0.08380681818181818,0.4556784545879421
bl_practical_or_crossing__ni_k5_r2,hand_error,1800,131,0.07277777777777777,281,0,0.0,0.0,0.08624094799210007,0.0
bl_practical_or_crossing__ni_k5_r2,within_hand_finger_error,1800,131,0.07277777777777777,111,13,0.11711711711711711,0.09923664122137404,0.06986382474837181,1.6092428306168765
bl_practical_or_crossing__ni_k5_r4,exact_error,1800,131,0.07277777777777777,392,13,0.03316326530612245,0.09923664122137404,0.08380681818181818,0.4556784545879421
bl_practical_or_crossing__ni_k5_r4,hand_error,1800,131,0.07277777777777777,281,0,0.0,0.0,0.08624094799210007,0.0
bl_practical_or_crossing__ni_k5_r4,within_hand_finger_error,1800,131,0.07277777777777777,111,13,0.11711711711711711,0.09923664122137404,0.06986382474837181,1.6092428306168765
bl_two_signal_strict__ni_k2_r1,exact_error,1800,152,0.08444444444444445,392,21,0.05357142857142857,0.13815789473684212,0.09303977272727272,0.6343984962406016
bl_two_signal_strict__ni_k2_r1,hand_error,1800,152,0.08444444444444445,281,0,0.0,0.0,0.10006583278472679,0.0
bl_two_signal_strict__ni_k2_r1,within_hand_finger_error,1800,152,0.08444444444444445,111,21,0.1891891891891892,0.13815789473684212,0.07756068679692125,2.2403982930298723
bl_two_signal_strict__ni_k2_r2,exact_error,1800,202,0.11222222222222222,392,26,0.0663265306122449,0.12871287128712872,0.125,0.5910284906041625
bl_two_signal_strict__ni_k2_r2,hand_error,1800,202,0.11222222222222222,281,0,0.0,0.0,0.13298222514812377,0.0
bl_two_signal_strict__ni_k2_r2,within_hand_finger_error,1800,202,0.11222222222222222,111,26,0.23423423423423423,0.12871287128712872,0.10420367081113084,2.0872357506020873
bl_two_signal_strict__ni_k2_r4,exact_error,1800,289,0.16055555555555556,392,32,0.08163265306122448,0.11072664359861592,0.1825284090909091,0.5084386695854813
bl_two_signal_strict__ni_k2_r4,hand_error,1800,289,0.16055555555555556,281,0,0.0,0.0,0.1902567478604345,0.0
bl_two_signal_strict__ni_k2_r4,within_hand_finger_error,1800,289,0.16055555555555556,111,32,0.2882882882882883,0.11072664359861592,0.1521610420367081,1.7955671934910689
bl_two_signal_strict__ni_k3_r1,exact_error,1800,104,0.057777777777777775,392,17,0.04336734693877551,0.16346153846153846,0.06178977272727273,0.7505886970172685
bl_two_signal_strict__ni_k3_r1,hand_error,1800,104,0.057777777777777775,281,0,0.0,0.0,0.0684660961158657,0.0
bl_two_signal_strict__ni_k3_r1,within_hand_finger_error,1800,104,0.057777777777777775,111,17,0.15315315315315314,0.16346153846153846,0.05150976909413854,2.6507276507276507
bl_two_signal_strict__ni_k3_r2,exact_error,1800,119,0.0661111111111111,392,19,0.04846938775510204,0.15966386554621848,0.07102272727272728,0.7331504030183502
bl_two_signal_strict__ni_k3_r2,hand_error,1800,119,0.0661111111111111,281,0,0.0,0.0,0.07834101382488479,0.0
bl_two_signal_strict__ni_k3_r2,within_hand_finger_error,1800,119,0.0661111111111111,111,19,0.17117117117117117,0.15966386554621848,0.05920663114268798,2.5891437656143537
bl_two_signal_strict__ni_k3_r4,exact_error,1800,148,0.08222222222222222,392,23,0.058673469387755105,0.1554054054054054,0.08877840909090909,0.713596249310535
bl_two_signal_strict__ni_k3_r4,hand_error,1800,148,0.08222222222222222,281,0,0.0,0.0,0.09743252139565503,0.0
bl_two_signal_strict__ni_k3_r4,within_hand_finger_error,1800,148,0.08222222222222222,111,23,0.2072072072072072,0.1554054054054054,0.07400828892835998,2.52008765522279
bl_two_signal_strict__ni_k5_r1,exact_error,1800,90,0.05,392,16,0.04081632653061224,0.17777777777777778,0.052556818181818184,0.816326530612245
bl_two_signal_strict__ni_k5_r1,hand_error,1800,90,0.05,281,0,0.0,0.0,0.05924950625411455,0.0
bl_two_signal_strict__ni_k5_r1,within_hand_finger_error,1800,90,0.05,111,16,0.14414414414414414,0.17777777777777778,0.04381290704558911,2.8828828828828827
bl_two_signal_strict__ni_k5_r2,exact_error,1800,90,0.05,392,16,0.04081632653061224,0.17777777777777778,0.052556818181818184,0.816326530612245
bl_two_signal_strict__ni_k5_r2,hand_error,1800,90,0.05,281,0,0.0,0.0,0.05924950625411455,0.0
bl_two_signal_strict__ni_k5_r2,within_hand_finger_error,1800,90,0.05,111,16,0.14414414414414414,0.17777777777777778,0.04381290704558911,2.8828828828828827
bl_two_signal_strict__ni_k5_r4,exact_error,1800,90,0.05,392,16,0.04081632653061224,0.17777777777777778,0.052556818181818184,0.816326530612245
bl_two_signal_strict__ni_k5_r4,hand_error,1800,90,0.05,281,0,0.0,0.0,0.05924950625411455,0.0
bl_two_signal_strict__ni_k5_r4,within_hand_finger_error,1800,90,0.05,111,16,0.14414414414414414,0.17777777777777778,0.04381290704558911,2.8828828828828827
wl_model_agreement__ni_k2_r1,exact_error,1800,1033,0.5738888888888889,392,96,0.24489795918367346,0.09293320425943853,0.6654829545454546,0.4267341011912994
wl_model_agreement__ni_k2_r1,hand_error,1800,1033,0.5738888888888889,281,4,0.014234875444839857,0.003872216844143272,0.6774193548387096,0.024804236012305657
wl_model_agreement__ni_k2_r1,within_hand_finger_error,1800,1033,0.5738888888888889,111,92,0.8288288288288288,0.08906098741529525,0.5571343990526939,1.444232228356139
wl_model_agreement__ni_k2_r2,exact_error,1800,1045,0.5805555555555556,392,98,0.25,0.0937799043062201,0.6725852272727273,0.4306220095693781
wl_model_agreement__ni_k2_r2,hand_error,1800,1045,0.5805555555555556,281,4,0.014234875444839857,0.003827751196172249,0.685319289005925,0.024519402680106932
wl_model_agreement__ni_k2_r2,within_hand_finger_error,1800,1045,0.5805555555555556,111,94,0.8468468468468469,0.08995215311004785,0.5630550621669627,1.458683563946722
wl_model_agreement__ni_k2_r4,exact_error,1800,1071,0.595,392,98,0.25,0.0915032679738562,0.6910511363636364,0.42016806722689076
wl_model_agreement__ni_k2_r4,hand_error,1800,1071,0.595,281,4,0.014234875444839857,0.003734827264239029,0.7024358130348913,0.02392416041149556
wl_model_agreement__ni_k2_r4,within_hand_finger_error,1800,1071,0.595,111,94,0.8468468468468469,0.08776844070961717,0.5784487862640616,1.4232720115073054
wl_model_agreement__ni_k3_r1,exact_error,1800,1013,0.5627777777777778,392,95,0.2423469387755102,0.09378084896347483,0.6519886363636364,0.430626347281262
wl_model_agreement__ni_k3_r1,hand_error,1800,1013,0.5627777777777778,281,4,0.014234875444839857,0.003948667324777887,0.6642527978933509,0.025293954393595008
wl_model_agreement__ni_k3_r1,within_hand_finger_error,1800,1013,0.5627777777777778,111,91,0.8198198198198198,0.08983218163869694,0.5458851391355832,1.4567380806275179
wl_model_agreement__ni_k3_r2,exact_error,1800,1019,0.5661111111111111,392,97,0.24744897959183673,0.09519136408243375,0.6548295454545454,0.4371032024193387
wl_model_agreement__ni_k3_r2,hand_error,1800,1019,0.5661111111111111,281,4,0.014234875444839857,0.003925417075564278,0.6682027649769585,0.025145020412867262
wl_model_agreement__ni_k3_r2,within_hand_finger_error,1800,1019,0.5661111111111111,111,93,0.8378378378378378,0.09126594700686948,0.5482534043812907,1.4799883298411267
wl_model_agreement__ni_k3_r4,exact_error,1800,1025,0.5694444444444444,392,97,0.24744897959183673,0.09463414634146342,0.6590909090909091,0.43454454952712795
wl_model_agreement__ni_k3_r4,hand_error,1800,1025,0.5694444444444444,281,4,0.014234875444839857,0.003902439024390244,0.6721527320605661,0.02499783004947487
wl_model_agreement__ni_k3_r4,within_hand_finger_error,1800,1025,0.5694444444444444,111,93,0.8378378378378378,0.09073170731707317,0.551805802249852,1.4713249835201054
wl_model_agreement__ni_k5_r1,exact_error,1800,1009,0.5605555555555556,392,95,0.2423469387755102,0.09415262636273539,0.6491477272727273,0.4323334884003156
wl_model_agreement__ni_k5_r1,hand_error,1800,1009,0.5605555555555556,281,4,0.014234875444839857,0.003964321110009911,0.6616194865042792,0.025394227750953163
wl_model_agreement__ni_k5_r1,within_hand_finger_error,1800,1009,0.5605555555555556,111,91,0.8198198198198198,0.09018830525272548,0.5435168738898757,1.462513058152305
wl_model_agreement__ni_k5_r2,exact_error,1800,1009,0.5605555555555556,392,95,0.2423469387755102,0.09415262636273539,0.6491477272727273,0.4323334884003156
wl_model_agreement__ni_k5_r2,hand_error,1800,1009,0.5605555555555556,281,4,0.014234875444839857,0.003964321110009911,0.6616194865042792,0.025394227750953163
wl_model_agreement__ni_k5_r2,within_hand_finger_error,1800,1009,0.5605555555555556,111,91,0.8198198198198198,0.09018830525272548,0.5435168738898757,1.462513058152305
wl_model_agreement__ni_k5_r4,exact_error,1800,1009,0.5605555555555556,392,95,0.2423469387755102,0.09415262636273539,0.6491477272727273,0.4323334884003156
wl_model_agreement__ni_k5_r4,hand_error,1800,1009,0.5605555555555556,281,4,0.014234875444839857,0.003964321110009911,0.6616194865042792,0.025394227750953163
wl_model_agreement__ni_k5_r4,within_hand_finger_error,1800,1009,0.5605555555555556,111,91,0.8198198198198198,0.09018830525272548,0.5435168738898757,1.462513058152305
wl_strict_obvious__ni_k2_r1,exact_error,1800,1251,0.695,392,109,0.2780612244897959,0.08713029576338929,0.8110795454545454,0.4000880927910733
wl_strict_obvious__ni_k2_r1,hand_error,1800,1251,0.695,281,5,0.017793594306049824,0.003996802557953637,0.8202764976958525,0.02560229396553931
wl_strict_obvious__ni_k2_r1,within_hand_finger_error,1800,1251,0.695,111,104,0.9369369369369369,0.08313349320543566,0.6791000592066312,1.3481107006286863
wl_strict_obvious__ni_k2_r2,exact_error,1800,1258,0.6988888888888889,392,110,0.28061224489795916,0.08744038155802862,0.8153409090909091,0.4015119561338049
wl_strict_obvious__ni_k2_r2,hand_error,1800,1258,0.6988888888888889,281,5,0.017793594306049824,0.00397456279809221,0.8248847926267281,0.025459832870341554
wl_strict_obvious__ni_k2_r2,within_hand_finger_error,1800,1258,0.6988888888888889,111,105,0.9459459459459459,0.0834658187599364,0.6826524570751924,1.3534997636746444
wl_strict_obvious__ni_k2_r4,exact_error,1800,1274,0.7077777777777777,392,110,0.28061224489795916,0.08634222919937205,0.8267045454545454,0.39646941979303496
wl_strict_obvious__ni_k2_r4,hand_error,1800,1274,0.7077777777777777,281,5,0.017793594306049824,0.003924646781789639,0.8354180381830152,0.025140086146695193
wl_strict_obvious__ni_k2_r4,within_hand_finger_error,1800,1274,0.7077777777777777,111,105,0.9459459459459459,0.08241758241758242,0.6921255180580225,1.3365013365013365
wl_strict_obvious__ni_k3_r1,exact_error,1800,1241,0.6894444444444444,392,109,0.2780612244897959,0.08783239323126511,0.8039772727272727,0.40331200973540104
wl_strict_obvious__ni_k3_r1,hand_error,1800,1241,0.6894444444444444,281,5,0.017793594306049824,0.0040290088638195,0.8136932192231732,0.02580859770418185
wl_strict_obvious__ni_k3_r1,within_hand_finger_error,1800,1241,0.6894444444444444,111,104,0.9369369369369369,0.08380338436744561,0.6731793960923623,1.358973800553172
wl_strict_obvious__ni_k3_r2,exact_error,1800,1244,0.6911111111111111,392,110,0.28061224489795916,0.08842443729903537,0.8053977272727273,0.4060305794343461
wl_strict_obvious__ni_k3_r2,hand_error,1800,1244,0.6911111111111111,281,5,0.017793594306049824,0.0040192926045016075,0.815668202764977,0.025746358320650864
wl_strict_obvious__ni_k3_r2,within_hand_finger_error,1800,1244,0.6911111111111111,111,105,0.9459459459459459,0.08440514469453377,0.6743635287152161,1.3687320761275745
wl_strict_obvious__ni_k3_r4,exact_error,1800,1247,0.6927777777777778,392,110,0.28061224489795916,0.08821170809943865,0.8075284090909091,0.40505376168109586
wl_strict_obvious__ni_k3_r4,hand_error,1800,1247,0.6927777777777778,281,5,0.017793594306049824,0.00400962309542903,0.8176431863067808,0.025684418404883464
wl_strict_obvious__ni_k3_r4,within_hand_finger_error,1800,1247,0.6927777777777778,111,105,0.9459459459459459,0.08420208500400962,0.6761397276494967,1.365439216281237
wl_strict_obvious__ni_k5_r1,exact_error,1800,1239,0.6883333333333334,392,109,0.2780612244897959,0.08797417271993543,0.8025568181818182,0.40396303799970357
wl_strict_obvious__ni_k5_r1,hand_error,1800,1239,0.6883333333333334,281,5,0.017793594306049824,0.004035512510088781,0.8123765635286373,0.025850258071743078
wl_strict_obvious__ni_k5_r1,within_hand_finger_error,1800,1239,0.6883333333333334,111,104,0.9369369369369369,0.08393866020984665,0.6719952634695086,1.3611674628623782
wl_strict_obvious__ni_k5_r2,exact_error,1800,1239,0.6883333333333334,392,109,0.2780612244897959,0.08797417271993543,0.8025568181818182,0.40396303799970357
wl_strict_obvious__ni_k5_r2,hand_error,1800,1239,0.6883333333333334,281,5,0.017793594306049824,0.004035512510088781,0.8123765635286373,0.025850258071743078
wl_strict_obvious__ni_k5_r2,within_hand_finger_error,1800,1239,0.6883333333333334,111,104,0.9369369369369369,0.08393866020984665,0.6719952634695086,1.3611674628623782
wl_strict_obvious__ni_k5_r4,exact_error,1800,1239,0.6883333333333334,392,109,0.2780612244897959,0.08797417271993543,0.8025568181818182,0.40396303799970357
wl_strict_obvious__ni_k5_r4,hand_error,1800,1239,0.6883333333333334,281,5,0.017793594306049824,0.004035512510088781,0.8123765635286373,0.025850258071743078
wl_strict_obvious__ni_k5_r4,within_hand_finger_error,1800,1239,0.6883333333333334,111,104,0.9369369369369369,0.08393866020984665,0.6719952634695086,1.3611674628623782
hy_direct_plus_corroborated__ni_k2_r1,exact_error,1800,201,0.11166666666666666,392,21,0.05357142857142857,0.1044776119402985,0.1278409090909091,0.47974413646055436
hy_direct_plus_corroborated__ni_k2_r1,hand_error,1800,201,0.11166666666666666,281,0,0.0,0.0,0.13232389730085584,0.0
hy_direct_plus_corroborated__ni_k2_r1,within_hand_finger_error,1800,201,0.11166666666666666,111,21,0.1891891891891892,0.1044776119402985,0.10657193605683836,1.6942315449778136
hy_direct_plus_corroborated__ni_k2_r2,exact_error,1800,249,0.13833333333333334,392,26,0.0663265306122449,0.10441767068273092,0.15838068181818182,0.47946889599213177
hy_direct_plus_corroborated__ni_k2_r2,hand_error,1800,249,0.13833333333333334,281,0,0.0,0.0,0.16392363396971693,0.0
hy_direct_plus_corroborated__ni_k2_r2,within_hand_finger_error,1800,249,0.13833333333333334,111,26,0.23423423423423423,0.10441767068273092,0.1320307874481942,1.6932595245848256
hy_direct_plus_corroborated__ni_k2_r4,exact_error,1800,333,0.185,392,32,0.08163265306122448,0.0960960960960961,0.2137784090909091,0.441257584114727
hy_direct_plus_corroborated__ni_k2_r4,hand_error,1800,333,0.185,281,0,0.0,0.0,0.21922317314022383,0.0
hy_direct_plus_corroborated__ni_k2_r4,within_hand_finger_error,1800,333,0.185,111,32,0.2882882882882883,0.0960960960960961,0.17821195973949083,1.5583150718285852
hy_direct_plus_corroborated__ni_k3_r1,exact_error,1800,153,0.085,392,17,0.04336734693877551,0.1111111111111111,0.09659090909090909,0.5102040816326531
hy_direct_plus_corroborated__ni_k3_r1,hand_error,1800,153,0.085,281,0,0.0,0.0,0.10072416063199473,0.0
hy_direct_plus_corroborated__ni_k3_r1,within_hand_finger_error,1800,153,0.085,111,17,0.15315315315315314,0.1111111111111111,0.08052101835405566,1.8018018018018016
hy_direct_plus_corroborated__ni_k3_r2,exact_error,1800,168,0.09333333333333334,392,19,0.04846938775510204,0.1130952380952381,0.10582386363636363,0.5193148688046647
hy_direct_plus_corroborated__ni_k3_r2,hand_error,1800,168,0.09333333333333334,281,0,0.0,0.0,0.11059907834101383,0.0
hy_direct_plus_corroborated__ni_k3_r2,within_hand_finger_error,1800,168,0.09333333333333334,111,19,0.17117117117117117,0.1130952380952381,0.08821788040260509,1.8339768339768339
hy_direct_plus_corroborated__ni_k3_r4,exact_error,1800,195,0.10833333333333334,392,23,0.058673469387755105,0.11794871794871795,0.12215909090909091,0.5416012558869702
hy_direct_plus_corroborated__ni_k3_r4,hand_error,1800,195,0.10833333333333334,281,0,0.0,0.0,0.1283739302172482,0.0
hy_direct_plus_corroborated__ni_k3_r4,within_hand_finger_error,1800,195,0.10833333333333334,111,23,0.2072072072072072,0.11794871794871795,0.10183540556542332,1.9126819126819126
hy_direct_plus_corroborated__ni_k5_r1,exact_error,1800,139,0.07722222222222222,392,16,0.04081632653061224,0.11510791366906475,0.08735795454545454,0.5285567464395831
hy_direct_plus_corroborated__ni_k5_r1,hand_error,1800,139,0.07722222222222222,281,0,0.0,0.0,0.09150757077024359,0.0
hy_direct_plus_corroborated__ni_k5_r1,within_hand_finger_error,1800,139,0.07722222222222222,111,16,0.14414414414414414,0.11510791366906475,0.07282415630550622,1.8666148162551042
hy_direct_plus_corroborated__ni_k5_r2,exact_error,1800,139,0.07722222222222222,392,16,0.04081632653061224,0.11510791366906475,0.08735795454545454,0.5285567464395831
hy_direct_plus_corroborated__ni_k5_r2,hand_error,1800,139,0.07722222222222222,281,0,0.0,0.0,0.09150757077024359,0.0
hy_direct_plus_corroborated__ni_k5_r2,within_hand_finger_error,1800,139,0.07722222222222222,111,16,0.14414414414414414,0.11510791366906475,0.07282415630550622,1.8666148162551042
hy_direct_plus_corroborated__ni_k5_r4,exact_error,1800,139,0.07722222222222222,392,16,0.04081632653061224,0.11510791366906475,0.08735795454545454,0.5285567464395831
hy_direct_plus_corroborated__ni_k5_r4,hand_error,1800,139,0.07722222222222222,281,0,0.0,0.0,0.09150757077024359,0.0
hy_direct_plus_corroborated__ni_k5_r4,within_hand_finger_error,1800,139,0.07722222222222222,111,16,0.14414414414414414,0.11510791366906475,0.07282415630550622,1.8666148162551042
hy_two_of_three_families__ni_k2_r1,exact_error,1800,229,0.1272222222222222,392,28,0.07142857142857142,0.1222707423580786,0.14275568181818182,0.561447286338116
hy_two_of_three_families__ni_k2_r1,hand_error,1800,229,0.1272222222222222,281,0,0.0,0.0,0.15075707702435814,0.0
hy_two_of_three_families__ni_k2_r1,within_hand_finger_error,1800,229,0.1272222222222222,111,28,0.25225225225225223,0.1222707423580786,0.11900532859680284,1.982768794995869
hy_two_of_three_families__ni_k2_r2,exact_error,1800,276,0.15333333333333332,392,33,0.08418367346938775,0.11956521739130435,0.17258522727272727,0.5490239574090506
hy_two_of_three_families__ni_k2_r2,hand_error,1800,276,0.15333333333333332,281,0,0.0,0.0,0.18169848584595127,0.0
hy_two_of_three_families__ni_k2_r2,within_hand_finger_error,1800,276,0.15333333333333332,111,33,0.2972972972972973,0.11956521739130435,0.1438721136767318,1.9388954171562867
hy_two_of_three_families__ni_k2_r4,exact_error,1800,356,0.19777777777777777,392,39,0.09948979591836735,0.10955056179775281,0.22514204545454544,0.5030382939692731
hy_two_of_three_families__ni_k2_r4,hand_error,1800,356,0.19777777777777777,281,0,0.0,0.0,0.23436471362738645,0.0
hy_two_of_three_families__ni_k2_r4,within_hand_finger_error,1800,356,0.19777777777777777,111,39,0.35135135135135137,0.10955056179775281,0.1876850207223209,1.7764955967203158
hy_two_of_three_families__ni_k3_r1,exact_error,1800,182,0.10111111111111111,392,25,0.06377551020408163,0.13736263736263737,0.11150568181818182,0.6307468042161921
hy_two_of_three_families__ni_k3_r1,hand_error,1800,182,0.10111111111111111,281,0,0.0,0.0,0.11981566820276497,0.0
hy_two_of_three_families__ni_k3_r1,within_hand_finger_error,1800,182,0.10111111111111111,111,25,0.22522522522522523,0.13736263736263737,0.09295441089402014,2.2275022275022276
hy_two_of_three_families__ni_k3_r2,exact_error,1800,196,0.10888888888888888,392,27,0.06887755102040816,0.1377551020408163,0.12002840909090909,0.6325489379425239
hy_two_of_three_families__ni_k3_r2,hand_error,1800,196,0.10888888888888888,281,0,0.0,0.0,0.12903225806451613,0.0
hy_two_of_three_families__ni_k3_r2,within_hand_finger_error,1800,196,0.10888888888888888,111,27,0.24324324324324326,0.1377551020408163,0.10005920663114269,2.233866519580805
hy_two_of_three_families__ni_k3_r4,exact_error,1800,223,0.1238888888888889,392,31,0.07908163265306123,0.13901345291479822,0.13636363636363635,0.6383270797108082
hy_two_of_three_families__ni_k3_r4,hand_error,1800,223,0.1238888888888889,281,0,0.0,0.0,0.1468071099407505,0.0
hy_two_of_three_families__ni_k3_r4,within_hand_finger_error,1800,223,0.1238888888888889,111,31,0.27927927927927926,0.13901345291479822,0.11367673179396093,2.25427220942916
hy_two_of_three_families__ni_k5_r1,exact_error,1800,169,0.09388888888888888,392,24,0.061224489795918366,0.14201183431952663,0.10298295454545454,0.6520951575896632
hy_two_of_three_families__ni_k5_r1,hand_error,1800,169,0.09388888888888888,281,0,0.0,0.0,0.11125740618828177,0.0
hy_two_of_three_families__ni_k5_r1,within_hand_finger_error,1800,169,0.09388888888888888,111,24,0.21621621621621623,0.14201183431952663,0.08584961515689757,2.302894610586918
hy_two_of_three_families__ni_k5_r2,exact_error,1800,169,0.09388888888888888,392,24,0.061224489795918366,0.14201183431952663,0.10298295454545454,0.6520951575896632
hy_two_of_three_families__ni_k5_r2,hand_error,1800,169,0.09388888888888888,281,0,0.0,0.0,0.11125740618828177,0.0
hy_two_of_three_families__ni_k5_r2,within_hand_finger_error,1800,169,0.09388888888888888,111,24,0.21621621621621623,0.14201183431952663,0.08584961515689757,2.302894610586918
hy_two_of_three_families__ni_k5_r4,exact_error,1800,169,0.09388888888888888,392,24,0.061224489795918366,0.14201183431952663,0.10298295454545454,0.6520951575896632
hy_two_of_three_families__ni_k5_r4,hand_error,1800,169,0.09388888888888888,281,0,0.0,0.0,0.11125740618828177,0.0
hy_two_of_three_families__ni_k5_r4,within_hand_finger_error,1800,169,0.09388888888888888,111,24,0.21621621621621623,0.14201183431952663,0.08584961515689757,2.302894610586918
hy_hierarchical__ni_k2_r1,exact_error,1800,281,0.15611111111111112,392,27,0.06887755102040816,0.09608540925266904,0.18039772727272727,0.4412085118745007
hy_hierarchical__ni_k2_r1,hand_error,1800,281,0.15611111111111112,281,0,0.0,0.0,0.18499012508229098,0.0
hy_hierarchical__ni_k2_r1,within_hand_finger_error,1800,281,0.15611111111111112,111,27,0.24324324324324326,0.09608540925266904,0.15038484310242747,1.5581417716649033
hy_hierarchical__ni_k2_r2,exact_error,1800,326,0.1811111111111111,392,32,0.08163265306122448,0.09815950920245399,0.20880681818181818,0.45073244021534997
hy_hierarchical__ni_k2_r2,hand_error,1800,326,0.1811111111111111,281,0,0.0,0.0,0.21461487820934824,0.0
hy_hierarchical__ni_k2_r2,within_hand_finger_error,1800,326,0.1811111111111111,111,32,0.2882882882882883,0.09815950920245399,0.17406749555950266,1.5917758249046592
hy_hierarchical__ni_k2_r4,exact_error,1800,403,0.2238888888888889,392,38,0.09693877551020408,0.09429280397022333,0.25923295454545453,0.4329771610877602
hy_hierarchical__ni_k2_r4,hand_error,1800,403,0.2238888888888889,281,0,0.0,0.0,0.2653061224489796,0.0
hy_hierarchical__ni_k2_r4,within_hand_finger_error,1800,403,0.2238888888888889,111,38,0.34234234234234234,0.09429280397022333,0.21610420367081112,1.5290724968144322
hy_hierarchical__ni_k3_r1,exact_error,1800,235,0.13055555555555556,392,24,0.061224489795918366,0.10212765957446808,0.14985795454545456,0.46895353886235347
hy_hierarchical__ni_k3_r1,hand_error,1800,235,0.13055555555555556,281,0,0.0,0.0,0.15470704410796576,0.0
hy_hierarchical__ni_k3_r1,within_hand_finger_error,1800,235,0.13055555555555556,111,24,0.21621621621621623,0.10212765957446808,0.12492599171107165,1.6561242093156985
hy_hierarchical__ni_k3_r2,exact_error,1800,249,0.13833333333333334,392,26,0.0663265306122449,0.10441767068273092,0.15838068181818182,0.47946889599213177
hy_hierarchical__ni_k3_r2,hand_error,1800,249,0.13833333333333334,281,0,0.0,0.0,0.16392363396971693,0.0
hy_hierarchical__ni_k3_r2,within_hand_finger_error,1800,249,0.13833333333333334,111,26,0.23423423423423423,0.10441767068273092,0.1320307874481942,1.6932595245848256
hy_hierarchical__ni_k3_r4,exact_error,1800,274,0.15222222222222223,392,30,0.07653061224489796,0.10948905109489052,0.17329545454545456,0.5027558468642932
hy_hierarchical__ni_k3_r4,hand_error,1800,274,0.15222222222222223,281,0,0.0,0.0,0.1803818301514154,0.0
hy_hierarchical__ni_k3_r4,within_hand_finger_error,1800,274,0.15222222222222223,111,30,0.2702702702702703,0.10948905109489052,0.14446417998815866,1.7754981258630893
hy_hierarchical__ni_k5_r1,exact_error,1800,222,0.12333333333333334,392,23,0.058673469387755105,0.1036036036036036,0.14133522727272727,0.47573083287369
hy_hierarchical__ni_k5_r1,hand_error,1800,222,0.12333333333333334,281,0,0.0,0.0,0.14614878209348256,0.0
hy_hierarchical__ni_k5_r1,within_hand_finger_error,1800,222,0.12333333333333334,111,23,0.2072072072072072,0.1036036036036036,0.11782119597394908,1.6800584368151934
hy_hierarchical__ni_k5_r2,exact_error,1800,222,0.12333333333333334,392,23,0.058673469387755105,0.1036036036036036,0.14133522727272727,0.47573083287369
hy_hierarchical__ni_k5_r2,hand_error,1800,222,0.12333333333333334,281,0,0.0,0.0,0.14614878209348256,0.0
hy_hierarchical__ni_k5_r2,within_hand_finger_error,1800,222,0.12333333333333334,111,23,0.2072072072072072,0.1036036036036036,0.11782119597394908,1.6800584368151934
hy_hierarchical__ni_k5_r4,exact_error,1800,222,0.12333333333333334,392,23,0.058673469387755105,0.1036036036036036,0.14133522727272727,0.47573083287369
hy_hierarchical__ni_k5_r4,hand_error,1800,222,0.12333333333333334,281,0,0.0,0.0,0.14614878209348256,0.0
hy_hierarchical__ni_k5_r4,within_hand_finger_error,1800,222,0.12333333333333334,111,23,0.2072072072072072,0.1036036036036036,0.11782119597394908,1.6800584368151934
