strategy,set_id,hard_count,hard_percentage_all_notes,gt_error_recall,gt_precision,pig_status,recommendable,pareto_status
baseline,legacy_current_default,35000,0.06881351733412501,0.0663265306122449,0.28888888888888886,"unavailable: PIG v1.02 annotations are distributed by the official authors upon request; no checksum-verifiable unattended download is published. Searched: /tmp/pianovam-audit-260724.djnuaa/PIG, /workspace/PIG. The strict validity gate remains closed.",False,not_assigned_by_pipeline
baseline,legacy_current_default__ni_k3_r1,35000,0.06881351733412501,0.0663265306122449,0.28888888888888886,"unavailable: PIG v1.02 annotations are distributed by the official authors upon request; no checksum-verifiable unattended download is published. Searched: /tmp/pianovam-audit-260724.djnuaa/PIG, /workspace/PIG. The strict validity gate remains closed.",False,not_assigned_by_pipeline
baseline,legacy_current_default__ni_k3_r2,35000,0.06881351733412501,0.0663265306122449,0.28888888888888886,"unavailable: PIG v1.02 annotations are distributed by the official authors upon request; no checksum-verifiable unattended download is published. Searched: /tmp/pianovam-audit-260724.djnuaa/PIG, /workspace/PIG. The strict validity gate remains closed.",False,not_assigned_by_pipeline
baseline,legacy_current_default__ni_k5_r1,35000,0.06881351733412501,0.0663265306122449,0.28888888888888886,"unavailable: PIG v1.02 annotations are distributed by the official authors upon request; no checksum-verifiable unattended download is published. Searched: /tmp/pianovam-audit-260724.djnuaa/PIG, /workspace/PIG. The strict validity gate remains closed.",False,not_assigned_by_pipeline
baseline,legacy_current_default__ni_k5_r2,35000,0.06881351733412501,0.0663265306122449,0.28888888888888886,"unavailable: PIG v1.02 annotations are distributed by the official authors upon request; no checksum-verifiable unattended download is published. Searched: /tmp/pianovam-audit-260724.djnuaa/PIG, /workspace/PIG. The strict validity gate remains closed.",False,not_assigned_by_pipeline
baseline,legacy_current_default__ni_k5_r4,35860,0.07050436376004923,0.0663265306122449,0.28888888888888886,"unavailable: PIG v1.02 annotations are distributed by the official authors upon request; no checksum-verifiable unattended download is published. Searched: /tmp/pianovam-audit-260724.djnuaa/PIG, /workspace/PIG. The strict validity gate remains closed.",False,not_assigned_by_pipeline
baseline,legacy_current_default__ni_k3_r4,43570,0.08566299857850934,0.07142857142857142,0.2413793103448276,"unavailable: PIG v1.02 annotations are distributed by the official authors upon request; no checksum-verifiable unattended download is published. Searched: /tmp/pianovam-audit-260724.djnuaa/PIG, /workspace/PIG. The strict validity gate remains closed.",False,not_assigned_by_pipeline
baseline,legacy_current_default__ni_k2_r1,49431,0.09718631358123239,0.07397959183673469,0.20863309352517986,"unavailable: PIG v1.02 annotations are distributed by the official authors upon request; no checksum-verifiable unattended download is published. Searched: /tmp/pianovam-audit-260724.djnuaa/PIG, /workspace/PIG. The strict validity gate remains closed.",False,not_assigned_by_pipeline
baseline,legacy_current_default__ni_k2_r2,62762,0.12339639928355298,0.08418367346938775,0.18333333333333332,"unavailable: PIG v1.02 annotations are distributed by the official authors upon request; no checksum-verifiable unattended download is published. Searched: /tmp/pianovam-audit-260724.djnuaa/PIG, /workspace/PIG. The strict validity gate remains closed.",False,not_assigned_by_pipeline
baseline,legacy_current_default__ni_k2_r4,92261,0.1813943977932488,0.09438775510204081,0.13703703703703704,"unavailable: PIG v1.02 annotations are distributed by the official authors upon request; no checksum-verifiable unattended download is published. Searched: /tmp/pianovam-audit-260724.djnuaa/PIG, /workspace/PIG. The strict validity gate remains closed.",False,not_assigned_by_pipeline
blacklist,bl_step_crossing,3328,0.006543182448227659,0.007653061224489796,0.42857142857142855,"unavailable: PIG v1.02 annotations are distributed by the official authors upon request; no checksum-verifiable unattended download is published. Searched: /tmp/pianovam-audit-260724.djnuaa/PIG, /workspace/PIG. The strict validity gate remains closed.",False,not_assigned_by_pipeline
blacklist,bl_step_crossing__ni_k5_r1,3899,0.007665825831021527,0.007653061224489796,0.42857142857142855,"unavailable: PIG v1.02 annotations are distributed by the official authors upon request; no checksum-verifiable unattended download is published. Searched: /tmp/pianovam-audit-260724.djnuaa/PIG, /workspace/PIG. The strict validity gate remains closed.",False,not_assigned_by_pipeline
blacklist,bl_step_crossing__ni_k5_r2,4461,0.008770774309358048,0.007653061224489796,0.42857142857142855,"unavailable: PIG v1.02 annotations are distributed by the official authors upon request; no checksum-verifiable unattended download is published. Searched: /tmp/pianovam-audit-260724.djnuaa/PIG, /workspace/PIG. The strict validity gate remains closed.",False,not_assigned_by_pipeline
blacklist,bl_rate_q995,4745,0.009329146850012092,0.00510204081632653,0.25,"unavailable: PIG v1.02 annotations are distributed by the official authors upon request; no checksum-verifiable unattended download is published. Searched: /tmp/pianovam-audit-260724.djnuaa/PIG, /workspace/PIG. The strict validity gate remains closed.",False,not_assigned_by_pipeline
blacklist,bl_rate_q995__ni_k5_r1,5323,0.010465552936272784,0.00510204081632653,0.25,"unavailable: PIG v1.02 annotations are distributed by the official authors upon request; no checksum-verifiable unattended download is published. Searched: /tmp/pianovam-audit-260724.djnuaa/PIG, /workspace/PIG. The strict validity gate remains closed.",False,not_assigned_by_pipeline
blacklist,bl_step_crossing__ni_k5_r4,5543,0.010898095045230143,0.007653061224489796,0.42857142857142855,"unavailable: PIG v1.02 annotations are distributed by the official authors upon request; no checksum-verifiable unattended download is published. Searched: /tmp/pianovam-audit-260724.djnuaa/PIG, /workspace/PIG. The strict validity gate remains closed.",False,not_assigned_by_pipeline
blacklist,bl_rate_q995__ni_k5_r2,5887,0.011574433615599828,0.00510204081632653,0.25,"unavailable: PIG v1.02 annotations are distributed by the official authors upon request; no checksum-verifiable unattended download is published. Searched: /tmp/pianovam-audit-260724.djnuaa/PIG, /workspace/PIG. The strict validity gate remains closed.",False,not_assigned_by_pipeline
blacklist,bl_rate_q990,6351,0.0124867042454008,0.01020408163265306,0.23529411764705882,"unavailable: PIG v1.02 annotations are distributed by the official authors upon request; no checksum-verifiable unattended download is published. Searched: /tmp/pianovam-audit-260724.djnuaa/PIG, /workspace/PIG. The strict validity gate remains closed.",False,not_assigned_by_pipeline
blacklist,bl_rate_q990__ni_k5_r1,6928,0.013621144231166232,0.01020408163265306,0.23529411764705882,"unavailable: PIG v1.02 annotations are distributed by the official authors upon request; no checksum-verifiable unattended download is published. Searched: /tmp/pianovam-audit-260724.djnuaa/PIG, /workspace/PIG. The strict validity gate remains closed.",False,not_assigned_by_pipeline
blacklist,bl_rate_q995__ni_k5_r4,6972,0.013707652652957703,0.00510204081632653,0.25,"unavailable: PIG v1.02 annotations are distributed by the official authors upon request; no checksum-verifiable unattended download is published. Searched: /tmp/pianovam-audit-260724.djnuaa/PIG, /workspace/PIG. The strict validity gate remains closed.",False,not_assigned_by_pipeline
blacklist,bl_rate_q990__ni_k5_r2,7492,0.014730024910493276,0.01020408163265306,0.23529411764705882,"unavailable: PIG v1.02 annotations are distributed by the official authors upon request; no checksum-verifiable unattended download is published. Searched: /tmp/pianovam-audit-260724.djnuaa/PIG, /workspace/PIG. The strict validity gate remains closed.",False,not_assigned_by_pipeline
blacklist,bl_crossing,8335,0.016387447627998056,0.017857142857142856,0.35,"unavailable: PIG v1.02 annotations are distributed by the official authors upon request; no checksum-verifiable unattended download is published. Searched: /tmp/pianovam-audit-260724.djnuaa/PIG, /workspace/PIG. The strict validity gate remains closed.",False,not_assigned_by_pipeline
blacklist,bl_rate_q990__ni_k5_r4,8572,0.016853413445374846,0.01020408163265306,0.23529411764705882,"unavailable: PIG v1.02 annotations are distributed by the official authors upon request; no checksum-verifiable unattended download is published. Searched: /tmp/pianovam-audit-260724.djnuaa/PIG, /workspace/PIG. The strict validity gate remains closed.",False,not_assigned_by_pipeline
blacklist,bl_step_crossing__ni_k3_r1,8661,0.01702839638945305,0.01020408163265306,0.18181818181818182,"unavailable: PIG v1.02 annotations are distributed by the official authors upon request; no checksum-verifiable unattended download is published. Searched: /tmp/pianovam-audit-260724.djnuaa/PIG, /workspace/PIG. The strict validity gate remains closed.",False,not_assigned_by_pipeline
blacklist,bl_crossing__ni_k5_r1,8877,0.017453074096429363,0.017857142857142856,0.35,"unavailable: PIG v1.02 annotations are distributed by the official authors upon request; no checksum-verifiable unattended download is published. Searched: /tmp/pianovam-audit-260724.djnuaa/PIG, /workspace/PIG. The strict validity gate remains closed.",False,not_assigned_by_pipeline
blacklist,bl_crossing__ni_k5_r2,9425,0.018530497167832238,0.017857142857142856,0.35,"unavailable: PIG v1.02 annotations are distributed by the official authors upon request; no checksum-verifiable unattended download is published. Searched: /tmp/pianovam-audit-260724.djnuaa/PIG, /workspace/PIG. The strict validity gate remains closed.",False,not_assigned_by_pipeline
blacklist,bl_rate_q995__ni_k3_r1,10101,0.01985958110262848,0.01020408163265306,0.16,"unavailable: PIG v1.02 annotations are distributed by the official authors upon request; no checksum-verifiable unattended download is published. Searched: /tmp/pianovam-audit-260724.djnuaa/PIG, /workspace/PIG. The strict validity gate remains closed.",False,not_assigned_by_pipeline
blacklist,bl_crossing__ni_k5_r4,10475,0.020594902687855986,0.017857142857142856,0.35,"unavailable: PIG v1.02 annotations are distributed by the official authors upon request; no checksum-verifiable unattended download is published. Searched: /tmp/pianovam-audit-260724.djnuaa/PIG, /workspace/PIG. The strict validity gate remains closed.",False,not_assigned_by_pipeline
blacklist,bl_rate_q990__ni_k3_r1,11690,0.022983714789597754,0.015306122448979591,0.18181818181818182,"unavailable: PIG v1.02 annotations are distributed by the official authors upon request; no checksum-verifiable unattended download is published. Searched: /tmp/pianovam-audit-260724.djnuaa/PIG, /workspace/PIG. The strict validity gate remains closed.",False,not_assigned_by_pipeline
blacklist,bl_crossing__ni_k3_r1,13482,0.026506966877104958,0.02040816326530612,0.22857142857142856,"unavailable: PIG v1.02 annotations are distributed by the official authors upon request; no checksum-verifiable unattended download is published. Searched: /tmp/pianovam-audit-260724.djnuaa/PIG, /workspace/PIG. The strict validity gate remains closed.",False,not_assigned_by_pipeline
blacklist,bl_step_crossing__ni_k3_r2,13680,0.026896254775166578,0.015306122448979591,0.16216216216216217,"unavailable: PIG v1.02 annotations are distributed by the official authors upon request; no checksum-verifiable unattended download is published. Searched: /tmp/pianovam-audit-260724.djnuaa/PIG, /workspace/PIG. The strict validity gate remains closed.",False,not_assigned_by_pipeline
blacklist,bl_rate_q975,14655,0.028813202758045775,0.015306122448979591,0.14285714285714285,"unavailable: PIG v1.02 annotations are distributed by the official authors upon request; no checksum-verifiable unattended download is published. Searched: /tmp/pianovam-audit-260724.djnuaa/PIG, /workspace/PIG. The strict validity gate remains closed.",False,not_assigned_by_pipeline
blacklist,bl_rate_q995__ni_k3_r2,15115,0.029717608985865705,0.017857142857142856,0.17073170731707318,"unavailable: PIG v1.02 annotations are distributed by the official authors upon request; no checksum-verifiable unattended download is published. Searched: /tmp/pianovam-audit-260724.djnuaa/PIG, /workspace/PIG. The strict validity gate remains closed.",False,not_assigned_by_pipeline
blacklist,bl_rate_q975__ni_k5_r1,15225,0.029933880040344384,0.015306122448979591,0.14285714285714285,"unavailable: PIG v1.02 annotations are distributed by the official authors upon request; no checksum-verifiable unattended download is published. Searched: /tmp/pianovam-audit-260724.djnuaa/PIG, /workspace/PIG. The strict validity gate remains closed.",False,not_assigned_by_pipeline
blacklist,bl_rate_q975__ni_k5_r2,15774,0.031013269212242515,0.015306122448979591,0.14285714285714285,"unavailable: PIG v1.02 annotations are distributed by the official authors upon request; no checksum-verifiable unattended download is published. Searched: /tmp/pianovam-audit-260724.djnuaa/PIG, /workspace/PIG. The strict validity gate remains closed.",False,not_assigned_by_pipeline
blacklist,bl_rate_q990__ni_k3_r2,16685,0.03280438676342502,0.02295918367346939,0.1836734693877551,"unavailable: PIG v1.02 annotations are distributed by the official authors upon request; no checksum-verifiable unattended download is published. Searched: /tmp/pianovam-audit-260724.djnuaa/PIG, /workspace/PIG. The strict validity gate remains closed.",False,not_assigned_by_pipeline
blacklist,bl_rate_q975__ni_k5_r4,16831,0.03309143743573309,0.015306122448979591,0.14285714285714285,"unavailable: PIG v1.02 annotations are distributed by the official authors upon request; no checksum-verifiable unattended download is published. Searched: /tmp/pianovam-audit-260724.djnuaa/PIG, /workspace/PIG. The strict validity gate remains closed.",False,not_assigned_by_pipeline
blacklist,bl_crossing__ni_k3_r2,18383,0.03614282540437772,0.025510204081632654,0.2,"unavailable: PIG v1.02 annotations are distributed by the official authors upon request; no checksum-verifiable unattended download is published. Searched: /tmp/pianovam-audit-260724.djnuaa/PIG, /workspace/PIG. The strict validity gate remains closed.",False,not_assigned_by_pipeline
blacklist,bl_rate_q975__ni_k3_r1,19925,0.03917455236806974,0.02040816326530612,0.13793103448275862,"unavailable: PIG v1.02 annotations are distributed by the official authors upon request; no checksum-verifiable unattended download is published. Searched: /tmp/pianovam-audit-260724.djnuaa/PIG, /workspace/PIG. The strict validity gate remains closed.",False,not_assigned_by_pipeline
blacklist,bl_step_crossing__ni_k3_r4,22944,0.04511020976326184,0.025510204081632654,0.14705882352941177,"unavailable: PIG v1.02 annotations are distributed by the official authors upon request; no checksum-verifiable unattended download is published. Searched: /tmp/pianovam-audit-260724.djnuaa/PIG, /workspace/PIG. The strict validity gate remains closed.",False,not_assigned_by_pipeline
blacklist,bl_rate_q995__ni_k3_r4,24316,0.04780769964275954,0.02806122448979592,0.1527777777777778,"unavailable: PIG v1.02 annotations are distributed by the official authors upon request; no checksum-verifiable unattended download is published. Searched: /tmp/pianovam-audit-260724.djnuaa/PIG, /workspace/PIG. The strict validity gate remains closed.",False,not_assigned_by_pipeline
blacklist,bl_step_crossing__ni_k2_r1,24746,0.048653122855721646,0.02040816326530612,0.10666666666666667,"unavailable: PIG v1.02 annotations are distributed by the official authors upon request; no checksum-verifiable unattended download is published. Searched: /tmp/pianovam-audit-260724.djnuaa/PIG, /workspace/PIG. The strict validity gate remains closed.",False,not_assigned_by_pipeline
blacklist,bl_rate_q975__ni_k3_r2,24806,0.04877108888543729,0.02806122448979592,0.14864864864864866,"unavailable: PIG v1.02 annotations are distributed by the official authors upon request; no checksum-verifiable unattended download is published. Searched: /tmp/pianovam-audit-260724.djnuaa/PIG, /workspace/PIG. The strict validity gate remains closed.",False,not_assigned_by_pipeline
blacklist,bl_rate_q990__ni_k3_r4,25826,0.05077651139060322,0.03316326530612245,0.1625,"unavailable: PIG v1.02 annotations are distributed by the official authors upon request; no checksum-verifiable unattended download is published. Searched: /tmp/pianovam-audit-260724.djnuaa/PIG, /workspace/PIG. The strict validity gate remains closed.",False,not_assigned_by_pipeline
blacklist,bl_rate_q995__ni_k2_r1,26248,0.05160620579960324,0.02040816326530612,0.10126582278481013,"unavailable: PIG v1.02 annotations are distributed by the official authors upon request; no checksum-verifiable unattended download is published. Searched: /tmp/pianovam-audit-260724.djnuaa/PIG, /workspace/PIG. The strict validity gate remains closed.",False,not_assigned_by_pipeline
blacklist,bl_crossing__ni_k3_r4,27474,0.054016645006792874,0.03571428571428571,0.1728395061728395,"unavailable: PIG v1.02 annotations are distributed by the official authors upon request; no checksum-verifiable unattended download is published. Searched: /tmp/pianovam-audit-260724.djnuaa/PIG, /workspace/PIG. The strict validity gate remains closed.",False,not_assigned_by_pipeline
blacklist,bl_rate_q990__ni_k2_r1,27794,0.0546457971652763,0.025510204081632654,0.11494252873563218,"unavailable: PIG v1.02 annotations are distributed by the official authors upon request; no checksum-verifiable unattended download is published. Searched: /tmp/pianovam-audit-260724.djnuaa/PIG, /workspace/PIG. The strict validity gate remains closed.",False,not_assigned_by_pipeline
blacklist,bl_crossing__ni_k2_r1,29215,0.05743962596904178,0.030612244897959183,0.13636363636363635,"unavailable: PIG v1.02 annotations are distributed by the official authors upon request; no checksum-verifiable unattended download is published. Searched: /tmp/pianovam-audit-260724.djnuaa/PIG, /workspace/PIG. The strict validity gate remains closed.",False,not_assigned_by_pipeline
blacklist,bl_two_signal_strict,30778,0.06051264104313428,0.04081632653061224,0.18604651162790697,"unavailable: PIG v1.02 annotations are distributed by the official authors upon request; no checksum-verifiable unattended download is published. Searched: /tmp/pianovam-audit-260724.djnuaa/PIG, /workspace/PIG. The strict validity gate remains closed.",False,not_assigned_by_pipeline
blacklist,bl_two_signal_strict__ni_k5_r1,31231,0.061403284567487386,0.04081632653061224,0.18604651162790697,"unavailable: PIG v1.02 annotations are distributed by the official authors upon request; no checksum-verifiable unattended download is published. Searched: /tmp/pianovam-audit-260724.djnuaa/PIG, /workspace/PIG. The strict validity gate remains closed.",False,not_assigned_by_pipeline
blacklist,bl_two_signal_strict__ni_k5_r2,31733,0.06239026701610826,0.04081632653061224,0.18604651162790697,"unavailable: PIG v1.02 annotations are distributed by the official authors upon request; no checksum-verifiable unattended download is published. Searched: /tmp/pianovam-audit-260724.djnuaa/PIG, /workspace/PIG. The strict validity gate remains closed.",False,not_assigned_by_pipeline
blacklist,bl_two_signal_strict__ni_k5_r4,32681,0.06425413028561541,0.04081632653061224,0.18604651162790697,"unavailable: PIG v1.02 annotations are distributed by the official authors upon request; no checksum-verifiable unattended download is published. Searched: /tmp/pianovam-audit-260724.djnuaa/PIG, /workspace/PIG. The strict validity gate remains closed.",False,not_assigned_by_pipeline
blacklist,bl_rate_q975__ni_k3_r4,33699,0.06625562058979083,0.03826530612244898,0.14563106796116504,"unavailable: PIG v1.02 annotations are distributed by the official authors upon request; no checksum-verifiable unattended download is published. Searched: /tmp/pianovam-audit-260724.djnuaa/PIG, /workspace/PIG. The strict validity gate remains closed.",False,not_assigned_by_pipeline
blacklist,bl_two_signal_strict__ni_k3_r1,35380,0.06956063552232408,0.04336734693877551,0.17,"unavailable: PIG v1.02 annotations are distributed by the official authors upon request; no checksum-verifiable unattended download is published. Searched: /tmp/pianovam-audit-260724.djnuaa/PIG, /workspace/PIG. The strict validity gate remains closed.",False,not_assigned_by_pipeline
blacklist,bl_rate_q975__ni_k2_r1,35876,0.0705358213679734,0.030612244897959183,0.10714285714285714,"unavailable: PIG v1.02 annotations are distributed by the official authors upon request; no checksum-verifiable unattended download is published. Searched: /tmp/pianovam-audit-260724.djnuaa/PIG, /workspace/PIG. The strict validity gate remains closed.",False,not_assigned_by_pipeline
blacklist,bl_practical_or_crossing,39443,0.07754890183456838,0.03316326530612245,0.09923664122137404,"unavailable: PIG v1.02 annotations are distributed by the official authors upon request; no checksum-verifiable unattended download is published. Searched: /tmp/pianovam-audit-260724.djnuaa/PIG, /workspace/PIG. The strict validity gate remains closed.",False,not_assigned_by_pipeline
blacklist,bl_span_practical,39443,0.07754890183456838,0.03316326530612245,0.09923664122137404,"unavailable: PIG v1.02 annotations are distributed by the official authors upon request; no checksum-verifiable unattended download is published. Searched: /tmp/pianovam-audit-260724.djnuaa/PIG, /workspace/PIG. The strict validity gate remains closed.",False,not_assigned_by_pipeline
blacklist,bl_practical_or_crossing__ni_k5_r1,39866,0.07838056234406365,0.03316326530612245,0.09923664122137404,"unavailable: PIG v1.02 annotations are distributed by the official authors upon request; no checksum-verifiable unattended download is published. Searched: /tmp/pianovam-audit-260724.djnuaa/PIG, /workspace/PIG. The strict validity gate remains closed.",False,not_assigned_by_pipeline
blacklist,bl_span_practical__ni_k5_r1,39866,0.07838056234406365,0.03316326530612245,0.09923664122137404,"unavailable: PIG v1.02 annotations are distributed by the official authors upon request; no checksum-verifiable unattended download is published. Searched: /tmp/pianovam-audit-260724.djnuaa/PIG, /workspace/PIG. The strict validity gate remains closed.",False,not_assigned_by_pipeline
blacklist,bl_two_signal_strict__ni_k3_r2,39879,0.07840612165050205,0.04846938775510204,0.16521739130434782,"unavailable: PIG v1.02 annotations are distributed by the official authors upon request; no checksum-verifiable unattended download is published. Searched: /tmp/pianovam-audit-260724.djnuaa/PIG, /workspace/PIG. The strict validity gate remains closed.",False,not_assigned_by_pipeline
blacklist,bl_practical_or_crossing__ni_k5_r2,40336,0.07930462957683619,0.03316326530612245,0.09923664122137404,"unavailable: PIG v1.02 annotations are distributed by the official authors upon request; no checksum-verifiable unattended download is published. Searched: /tmp/pianovam-audit-260724.djnuaa/PIG, /workspace/PIG. The strict validity gate remains closed.",False,not_assigned_by_pipeline
blacklist,bl_span_practical__ni_k5_r2,40336,0.07930462957683619,0.03316326530612245,0.09923664122137404,"unavailable: PIG v1.02 annotations are distributed by the official authors upon request; no checksum-verifiable unattended download is published. Searched: /tmp/pianovam-audit-260724.djnuaa/PIG, /workspace/PIG. The strict validity gate remains closed.",False,not_assigned_by_pipeline
blacklist,bl_practical_or_crossing__ni_k5_r4,41247,0.0810957471280187,0.03316326530612245,0.09923664122137404,"unavailable: PIG v1.02 annotations are distributed by the official authors upon request; no checksum-verifiable unattended download is published. Searched: /tmp/pianovam-audit-260724.djnuaa/PIG, /workspace/PIG. The strict validity gate remains closed.",False,not_assigned_by_pipeline
blacklist,bl_span_practical__ni_k5_r4,41247,0.0810957471280187,0.03316326530612245,0.09923664122137404,"unavailable: PIG v1.02 annotations are distributed by the official authors upon request; no checksum-verifiable unattended download is published. Searched: /tmp/pianovam-audit-260724.djnuaa/PIG, /workspace/PIG. The strict validity gate remains closed.",False,not_assigned_by_pipeline
blacklist,bl_step_crossing__ni_k2_r2,43463,0.08545262582551645,0.03826530612244898,0.11450381679389313,"unavailable: PIG v1.02 annotations are distributed by the official authors upon request; no checksum-verifiable unattended download is published. Searched: /tmp/pianovam-audit-260724.djnuaa/PIG, /workspace/PIG. The strict validity gate remains closed.",False,not_assigned_by_pipeline
blacklist,bl_practical_or_crossing__ni_k3_r1,43832,0.08617811690826765,0.03571428571428571,0.0958904109589041,"unavailable: PIG v1.02 annotations are distributed by the official authors upon request; no checksum-verifiable unattended download is published. Searched: /tmp/pianovam-audit-260724.djnuaa/PIG, /workspace/PIG. The strict validity gate remains closed.",False,not_assigned_by_pipeline
blacklist,bl_span_practical__ni_k3_r1,43832,0.08617811690826765,0.03571428571428571,0.0958904109589041,"unavailable: PIG v1.02 annotations are distributed by the official authors upon request; no checksum-verifiable unattended download is published. Searched: /tmp/pianovam-audit-260724.djnuaa/PIG, /workspace/PIG. The strict validity gate remains closed.",False,not_assigned_by_pipeline
blacklist,bl_practical_or_rate995,44172,0.0868465910766563,0.03826530612244898,0.1079136690647482,"unavailable: PIG v1.02 annotations are distributed by the official authors upon request; no checksum-verifiable unattended download is published. Searched: /tmp/pianovam-audit-260724.djnuaa/PIG, /workspace/PIG. The strict validity gate remains closed.",False,not_assigned_by_pipeline
blacklist,bl_practical_or_rate995__ni_k5_r1,44593,0.08767431938516106,0.03826530612244898,0.1079136690647482,"unavailable: PIG v1.02 annotations are distributed by the official authors upon request; no checksum-verifiable unattended download is published. Searched: /tmp/pianovam-audit-260724.djnuaa/PIG, /workspace/PIG. The strict validity gate remains closed.",False,not_assigned_by_pipeline
blacklist,bl_rate_q995__ni_k2_r2,44868,0.08821499702135775,0.03826530612244898,0.1111111111111111,"unavailable: PIG v1.02 annotations are distributed by the official authors upon request; no checksum-verifiable unattended download is published. Searched: /tmp/pianovam-audit-260724.djnuaa/PIG, /workspace/PIG. The strict validity gate remains closed.",False,not_assigned_by_pipeline
blacklist,bl_practical_or_rate995__ni_k5_r2,45058,0.08858855611545728,0.03826530612244898,0.1079136690647482,"unavailable: PIG v1.02 annotations are distributed by the official authors upon request; no checksum-verifiable unattended download is published. Searched: /tmp/pianovam-audit-260724.djnuaa/PIG, /workspace/PIG. The strict validity gate remains closed.",False,not_assigned_by_pipeline
blacklist,bl_practical_or_rate995__ni_k5_r4,45956,0.09035411436020141,0.03826530612244898,0.1079136690647482,"unavailable: PIG v1.02 annotations are distributed by the official authors upon request; no checksum-verifiable unattended download is published. Searched: /tmp/pianovam-audit-260724.djnuaa/PIG, /workspace/PIG. The strict validity gate remains closed.",False,not_assigned_by_pipeline
blacklist,bl_rate_q990__ni_k2_r2,46320,0.09106977494047631,0.04336734693877551,0.11888111888111888,"unavailable: PIG v1.02 annotations are distributed by the official authors upon request; no checksum-verifiable unattended download is published. Searched: /tmp/pianovam-audit-260724.djnuaa/PIG, /workspace/PIG. The strict validity gate remains closed.",False,not_assigned_by_pipeline
blacklist,bl_crossing__ni_k2_r2,47595,0.09357655307193372,0.04846938775510204,0.13194444444444445,"unavailable: PIG v1.02 annotations are distributed by the official authors upon request; no checksum-verifiable unattended download is published. Searched: /tmp/pianovam-audit-260724.djnuaa/PIG, /workspace/PIG. The strict validity gate remains closed.",False,not_assigned_by_pipeline
blacklist,bl_practical_or_crossing__ni_k3_r2,48172,0.09471099305769914,0.04081632653061224,0.09937888198757763,"unavailable: PIG v1.02 annotations are distributed by the official authors upon request; no checksum-verifiable unattended download is published. Searched: /tmp/pianovam-audit-260724.djnuaa/PIG, /workspace/PIG. The strict validity gate remains closed.",False,not_assigned_by_pipeline
blacklist,bl_span_practical__ni_k3_r2,48172,0.09471099305769914,0.04081632653061224,0.09937888198757763,"unavailable: PIG v1.02 annotations are distributed by the official authors upon request; no checksum-verifiable unattended download is published. Searched: /tmp/pianovam-audit-260724.djnuaa/PIG, /workspace/PIG. The strict validity gate remains closed.",False,not_assigned_by_pipeline
blacklist,bl_two_signal_strict__ni_k3_r4,48248,0.09486041669533897,0.058673469387755105,0.1597222222222222,"unavailable: PIG v1.02 annotations are distributed by the official authors upon request; no checksum-verifiable unattended download is published. Searched: /tmp/pianovam-audit-260724.djnuaa/PIG, /workspace/PIG. The strict validity gate remains closed.",False,not_assigned_by_pipeline
blacklist,bl_practical_or_rate995__ni_k3_r1,48522,0.0953991282310404,0.04081632653061224,0.1038961038961039,"unavailable: PIG v1.02 annotations are distributed by the official authors upon request; no checksum-verifiable unattended download is published. Searched: /tmp/pianovam-audit-260724.djnuaa/PIG, /workspace/PIG. The strict validity gate remains closed.",False,not_assigned_by_pipeline
blacklist,bl_two_signal_strict__ni_k2_r1,49742,0.09779777083525848,0.05357142857142857,0.14093959731543623,"unavailable: PIG v1.02 annotations are distributed by the official authors upon request; no checksum-verifiable unattended download is published. Searched: /tmp/pianovam-audit-260724.djnuaa/PIG, /workspace/PIG. The strict validity gate remains closed.",False,not_assigned_by_pipeline
blacklist,bl_practical_or_rate995__ni_k3_r2,52797,0.10380420784827996,0.04591836734693878,0.10650887573964497,"unavailable: PIG v1.02 annotations are distributed by the official authors upon request; no checksum-verifiable unattended download is published. Searched: /tmp/pianovam-audit-260724.djnuaa/PIG, /workspace/PIG. The strict validity gate remains closed.",False,not_assigned_by_pipeline
blacklist,bl_rate_q975__ni_k2_r2,53954,0.1060789861212966,0.04846938775510204,0.11377245508982035,"unavailable: PIG v1.02 annotations are distributed by the official authors upon request; no checksum-verifiable unattended download is published. Searched: /tmp/pianovam-audit-260724.djnuaa/PIG, /workspace/PIG. The strict validity gate remains closed.",False,not_assigned_by_pipeline
blacklist,bl_practical_or_crossing__ni_k3_r4,56320,0.11073077989308346,0.05102040816326531,0.10638297872340426,"unavailable: PIG v1.02 annotations are distributed by the official authors upon request; no checksum-verifiable unattended download is published. Searched: /tmp/pianovam-audit-260724.djnuaa/PIG, /workspace/PIG. The strict validity gate remains closed.",False,not_assigned_by_pipeline
blacklist,bl_span_practical__ni_k3_r4,56320,0.11073077989308346,0.05102040816326531,0.10638297872340426,"unavailable: PIG v1.02 annotations are distributed by the official authors upon request; no checksum-verifiable unattended download is published. Searched: /tmp/pianovam-audit-260724.djnuaa/PIG, /workspace/PIG. The strict validity gate remains closed.",False,not_assigned_by_pipeline
blacklist,bl_practical_or_crossing__ni_k2_r1,57632,0.1133103037428655,0.04591836734693878,0.09278350515463918,"unavailable: PIG v1.02 annotations are distributed by the official authors upon request; no checksum-verifiable unattended download is published. Searched: /tmp/pianovam-audit-260724.djnuaa/PIG, /workspace/PIG. The strict validity gate remains closed.",False,not_assigned_by_pipeline
blacklist,bl_span_practical__ni_k2_r1,57632,0.1133103037428655,0.04591836734693878,0.09278350515463918,"unavailable: PIG v1.02 annotations are distributed by the official authors upon request; no checksum-verifiable unattended download is published. Searched: /tmp/pianovam-audit-260724.djnuaa/PIG, /workspace/PIG. The strict validity gate remains closed.",False,not_assigned_by_pipeline
blacklist,bl_practical_or_rate995__ni_k3_r4,60798,0.11953497791086093,0.05612244897959184,0.11224489795918367,"unavailable: PIG v1.02 annotations are distributed by the official authors upon request; no checksum-verifiable unattended download is published. Searched: /tmp/pianovam-audit-260724.djnuaa/PIG, /workspace/PIG. The strict validity gate remains closed.",False,not_assigned_by_pipeline
blacklist,bl_practical_or_rate995__ni_k2_r1,62215,0.12232094231264537,0.05102040816326531,0.09900990099009901,"unavailable: PIG v1.02 annotations are distributed by the official authors upon request; no checksum-verifiable unattended download is published. Searched: /tmp/pianovam-audit-260724.djnuaa/PIG, /workspace/PIG. The strict validity gate remains closed.",False,not_assigned_by_pipeline
blacklist,bl_two_signal_strict__ni_k2_r2,66764,0.13126473346558637,0.0663265306122449,0.1306532663316583,"unavailable: PIG v1.02 annotations are distributed by the official authors upon request; no checksum-verifiable unattended download is published. Searched: /tmp/pianovam-audit-260724.djnuaa/PIG, /workspace/PIG. The strict validity gate remains closed.",False,not_assigned_by_pipeline
blacklist,bl_span_comfortable,69306,0.1362625609245391,0.05612244897959184,0.0944206008583691,"unavailable: PIG v1.02 annotations are distributed by the official authors upon request; no checksum-verifiable unattended download is published. Searched: /tmp/pianovam-audit-260724.djnuaa/PIG, /workspace/PIG. The strict validity gate remains closed.",False,not_assigned_by_pipeline
blacklist,bl_span_comfortable__ni_k5_r1,69681,0.13699984861026188,0.05612244897959184,0.0944206008583691,"unavailable: PIG v1.02 annotations are distributed by the official authors upon request; no checksum-verifiable unattended download is published. Searched: /tmp/pianovam-audit-260724.djnuaa/PIG, /workspace/PIG. The strict validity gate remains closed.",False,not_assigned_by_pipeline
blacklist,bl_span_comfortable__ni_k5_r2,70113,0.1378492040242145,0.05612244897959184,0.0944206008583691,"unavailable: PIG v1.02 annotations are distributed by the official authors upon request; no checksum-verifiable unattended download is published. Searched: /tmp/pianovam-audit-260724.djnuaa/PIG, /workspace/PIG. The strict validity gate remains closed.",False,not_assigned_by_pipeline
blacklist,bl_span_comfortable__ni_k5_r4,70939,0.13947320303329985,0.05612244897959184,0.0944206008583691,"unavailable: PIG v1.02 annotations are distributed by the official authors upon request; no checksum-verifiable unattended download is published. Searched: /tmp/pianovam-audit-260724.djnuaa/PIG, /workspace/PIG. The strict validity gate remains closed.",False,not_assigned_by_pipeline
blacklist,bl_span_comfortable__ni_k3_r1,73246,0.14400899687586632,0.058673469387755105,0.0931174089068826,"unavailable: PIG v1.02 annotations are distributed by the official authors upon request; no checksum-verifiable unattended download is published. Searched: /tmp/pianovam-audit-260724.djnuaa/PIG, /workspace/PIG. The strict validity gate remains closed.",False,not_assigned_by_pipeline
blacklist,bl_practical_or_crossing__ni_k2_r2,74172,0.14582960593447775,0.061224489795918366,0.09876543209876543,"unavailable: PIG v1.02 annotations are distributed by the official authors upon request; no checksum-verifiable unattended download is published. Searched: /tmp/pianovam-audit-260724.djnuaa/PIG, /workspace/PIG. The strict validity gate remains closed.",False,not_assigned_by_pipeline
blacklist,bl_span_practical__ni_k2_r2,74172,0.14582960593447775,0.061224489795918366,0.09876543209876543,"unavailable: PIG v1.02 annotations are distributed by the official authors upon request; no checksum-verifiable unattended download is published. Searched: /tmp/pianovam-audit-260724.djnuaa/PIG, /workspace/PIG. The strict validity gate remains closed.",False,not_assigned_by_pipeline
blacklist,bl_step_crossing__ni_k2_r4,75055,0.14756567267179294,0.05612244897959184,0.09691629955947137,"unavailable: PIG v1.02 annotations are distributed by the official authors upon request; no checksum-verifiable unattended download is published. Searched: /tmp/pianovam-audit-260724.djnuaa/PIG, /workspace/PIG. The strict validity gate remains closed.",False,not_assigned_by_pipeline
blacklist,bl_rate_q995__ni_k2_r4,76243,0.14990140006016267,0.05612244897959184,0.09523809523809523,"unavailable: PIG v1.02 annotations are distributed by the official authors upon request; no checksum-verifiable unattended download is published. Searched: /tmp/pianovam-audit-260724.djnuaa/PIG, /workspace/PIG. The strict validity gate remains closed.",False,not_assigned_by_pipeline
blacklist,bl_span_comfortable__ni_k3_r2,77152,0.15168858541035465,0.06377551020408163,0.09578544061302682,"unavailable: PIG v1.02 annotations are distributed by the official authors upon request; no checksum-verifiable unattended download is published. Searched: /tmp/pianovam-audit-260724.djnuaa/PIG, /workspace/PIG. The strict validity gate remains closed.",False,not_assigned_by_pipeline
blacklist,bl_rate_q990__ni_k2_r4,77544,0.15245929680449685,0.061224489795918366,0.10126582278481013,"unavailable: PIG v1.02 annotations are distributed by the official authors upon request; no checksum-verifiable unattended download is published. Searched: /tmp/pianovam-audit-260724.djnuaa/PIG, /workspace/PIG. The strict validity gate remains closed.",False,not_assigned_by_pipeline
blacklist,bl_practical_or_rate995__ni_k2_r2,78497,0.15433299057648034,0.06377551020408163,0.1,"unavailable: PIG v1.02 annotations are distributed by the official authors upon request; no checksum-verifiable unattended download is published. Searched: /tmp/pianovam-audit-260724.djnuaa/PIG, /workspace/PIG. The strict validity gate remains closed.",False,not_assigned_by_pipeline
blacklist,bl_crossing__ni_k2_r4,78673,0.15467902426364621,0.0663265306122449,0.10833333333333334,"unavailable: PIG v1.02 annotations are distributed by the official authors upon request; no checksum-verifiable unattended download is published. Searched: /tmp/pianovam-audit-260724.djnuaa/PIG, /workspace/PIG. The strict validity gate remains closed.",False,not_assigned_by_pipeline
blacklist,bl_rate_q975__ni_k2_r4,84414,0.16596640720693798,0.0663265306122449,0.10038610038610038,"unavailable: PIG v1.02 annotations are distributed by the official authors upon request; no checksum-verifiable unattended download is published. Searched: /tmp/pianovam-audit-260724.djnuaa/PIG, /workspace/PIG. The strict validity gate remains closed.",False,not_assigned_by_pipeline
blacklist,bl_span_comfortable__ni_k3_r4,84448,0.16603325462377683,0.07397959183673469,0.10139860139860139,"unavailable: PIG v1.02 annotations are distributed by the official authors upon request; no checksum-verifiable unattended download is published. Searched: /tmp/pianovam-audit-260724.djnuaa/PIG, /workspace/PIG. The strict validity gate remains closed.",False,not_assigned_by_pipeline
blacklist,bl_span_comfortable__ni_k2_r1,85613,0.16832376170075558,0.0663265306122449,0.08904109589041095,"unavailable: PIG v1.02 annotations are distributed by the official authors upon request; no checksum-verifiable unattended download is published. Searched: /tmp/pianovam-audit-260724.djnuaa/PIG, /workspace/PIG. The strict validity gate remains closed.",False,not_assigned_by_pipeline
blacklist,bl_two_signal_strict__ni_k2_r4,95746,0.1882462580192324,0.08163265306122448,0.11188811188811189,"unavailable: PIG v1.02 annotations are distributed by the official authors upon request; no checksum-verifiable unattended download is published. Searched: /tmp/pianovam-audit-260724.djnuaa/PIG, /workspace/PIG. The strict validity gate remains closed.",False,not_assigned_by_pipeline
blacklist,bl_span_comfortable__ni_k2_r2,100508,0.19760882857766393,0.08163265306122448,0.09467455621301775,"unavailable: PIG v1.02 annotations are distributed by the official authors upon request; no checksum-verifiable unattended download is published. Searched: /tmp/pianovam-audit-260724.djnuaa/PIG, /workspace/PIG. The strict validity gate remains closed.",False,not_assigned_by_pipeline
blacklist,bl_practical_or_crossing__ni_k2_r4,102481,0.2014879448548133,0.07653061224489796,0.09146341463414634,"unavailable: PIG v1.02 annotations are distributed by the official authors upon request; no checksum-verifiable unattended download is published. Searched: /tmp/pianovam-audit-260724.djnuaa/PIG, /workspace/PIG. The strict validity gate remains closed.",False,not_assigned_by_pipeline
blacklist,bl_span_practical__ni_k2_r4,102481,0.2014879448548133,0.07653061224489796,0.09146341463414634,"unavailable: PIG v1.02 annotations are distributed by the official authors upon request; no checksum-verifiable unattended download is published. Searched: /tmp/pianovam-audit-260724.djnuaa/PIG, /workspace/PIG. The strict validity gate remains closed.",False,not_assigned_by_pipeline
blacklist,bl_practical_or_rate995__ni_k2_r4,106337,0.20906922836453862,0.07908163265306123,0.09253731343283582,"unavailable: PIG v1.02 annotations are distributed by the official authors upon request; no checksum-verifiable unattended download is published. Searched: /tmp/pianovam-audit-260724.djnuaa/PIG, /workspace/PIG. The strict validity gate remains closed.",False,not_assigned_by_pipeline
blacklist,bl_span_comfortable__ni_k2_r4,125951,0.24763232347858227,0.09693877551020408,0.09156626506024096,"unavailable: PIG v1.02 annotations are distributed by the official authors upon request; no checksum-verifiable unattended download is published. Searched: /tmp/pianovam-audit-260724.djnuaa/PIG, /workspace/PIG. The strict validity gate remains closed.",False,not_assigned_by_pipeline
blacklist,bl_span_relative,182738,0.3592812723029525,0.15306122448979592,0.09615384615384616,"unavailable: PIG v1.02 annotations are distributed by the official authors upon request; no checksum-verifiable unattended download is published. Searched: /tmp/pianovam-audit-260724.djnuaa/PIG, /workspace/PIG. The strict validity gate remains closed.",False,not_assigned_by_pipeline
blacklist,bl_span_relative__ni_k5_r1,182990,0.3597767296277582,0.15306122448979592,0.09615384615384616,"unavailable: PIG v1.02 annotations are distributed by the official authors upon request; no checksum-verifiable unattended download is published. Searched: /tmp/pianovam-audit-260724.djnuaa/PIG, /workspace/PIG. The strict validity gate remains closed.",False,not_assigned_by_pipeline
blacklist,bl_span_relative__ni_k5_r2,183282,0.3603508309723743,0.15306122448979592,0.09615384615384616,"unavailable: PIG v1.02 annotations are distributed by the official authors upon request; no checksum-verifiable unattended download is published. Searched: /tmp/pianovam-audit-260724.djnuaa/PIG, /workspace/PIG. The strict validity gate remains closed.",False,not_assigned_by_pipeline
blacklist,bl_span_relative__ni_k5_r4,183817,0.3614026947373388,0.15306122448979592,0.09615384615384616,"unavailable: PIG v1.02 annotations are distributed by the official authors upon request; no checksum-verifiable unattended download is published. Searched: /tmp/pianovam-audit-260724.djnuaa/PIG, /workspace/PIG. The strict validity gate remains closed.",False,not_assigned_by_pipeline
blacklist,bl_span_relative__ni_k3_r1,185343,0.36440296409310663,0.1556122448979592,0.09667194928684628,"unavailable: PIG v1.02 annotations are distributed by the official authors upon request; no checksum-verifiable unattended download is published. Searched: /tmp/pianovam-audit-260724.djnuaa/PIG, /workspace/PIG. The strict validity gate remains closed.",False,not_assigned_by_pipeline
blacklist,bl_span_relative__ni_k3_r2,187847,0.3693260797332395,0.15816326530612246,0.09733124018838304,"unavailable: PIG v1.02 annotations are distributed by the official authors upon request; no checksum-verifiable unattended download is published. Searched: /tmp/pianovam-audit-260724.djnuaa/PIG, /workspace/PIG. The strict validity gate remains closed.",False,not_assigned_by_pipeline
blacklist,bl_span_relative__ni_k3_r4,192537,0.37854709105601225,0.16581632653061223,0.0995405819295559,"unavailable: PIG v1.02 annotations are distributed by the official authors upon request; no checksum-verifiable unattended download is published. Searched: /tmp/pianovam-audit-260724.djnuaa/PIG, /workspace/PIG. The strict validity gate remains closed.",False,not_assigned_by_pipeline
blacklist,bl_span_relative__ni_k2_r1,193540,0.38051908985275873,0.16071428571428573,0.09545454545454546,"unavailable: PIG v1.02 annotations are distributed by the official authors upon request; no checksum-verifiable unattended download is published. Searched: /tmp/pianovam-audit-260724.djnuaa/PIG, /workspace/PIG. The strict validity gate remains closed.",False,not_assigned_by_pipeline
blacklist,bl_span_relative__ni_k2_r2,203230,0.39957060365183505,0.17091836734693877,0.09738372093023256,"unavailable: PIG v1.02 annotations are distributed by the official authors upon request; no checksum-verifiable unattended download is published. Searched: /tmp/pianovam-audit-260724.djnuaa/PIG, /workspace/PIG. The strict validity gate remains closed.",False,not_assigned_by_pipeline
blacklist,bl_span_relative__ni_k2_r4,219727,0.4320053635221511,0.18112244897959184,0.0953020134228188,"unavailable: PIG v1.02 annotations are distributed by the official authors upon request; no checksum-verifiable unattended download is published. Searched: /tmp/pianovam-audit-260724.djnuaa/PIG, /workspace/PIG. The strict validity gate remains closed.",False,not_assigned_by_pipeline
blacklist,bl_hmm_disagreement,279540,0.5496037324451802,0.2423469387755102,0.09415262636273539,"unavailable: PIG v1.02 annotations are distributed by the official authors upon request; no checksum-verifiable unattended download is published. Searched: /tmp/pianovam-audit-260724.djnuaa/PIG, /workspace/PIG. The strict validity gate remains closed.",False,not_assigned_by_pipeline
blacklist,bl_hmm_disagreement__ni_k5_r1,279738,0.5499930203432418,0.2423469387755102,0.09415262636273539,"unavailable: PIG v1.02 annotations are distributed by the official authors upon request; no checksum-verifiable unattended download is published. Searched: /tmp/pianovam-audit-260724.djnuaa/PIG, /workspace/PIG. The strict validity gate remains closed.",False,not_assigned_by_pipeline
blacklist,bl_hmm_disagreement__ni_k5_r2,279942,0.550394104844275,0.2423469387755102,0.09415262636273539,"unavailable: PIG v1.02 annotations are distributed by the official authors upon request; no checksum-verifiable unattended download is published. Searched: /tmp/pianovam-audit-260724.djnuaa/PIG, /workspace/PIG. The strict validity gate remains closed.",False,not_assigned_by_pipeline
blacklist,bl_hmm_disagreement__ni_k5_r4,280332,0.5511608840374267,0.2423469387755102,0.09415262636273539,"unavailable: PIG v1.02 annotations are distributed by the official authors upon request; no checksum-verifiable unattended download is published. Searched: /tmp/pianovam-audit-260724.djnuaa/PIG, /workspace/PIG. The strict validity gate remains closed.",False,not_assigned_by_pipeline
blacklist,bl_hmm_disagreement__ni_k3_r1,281415,0.5532901708737941,0.2423469387755102,0.09378084896347483,"unavailable: PIG v1.02 annotations are distributed by the official authors upon request; no checksum-verifiable unattended download is published. Searched: /tmp/pianovam-audit-260724.djnuaa/PIG, /workspace/PIG. The strict validity gate remains closed.",False,not_assigned_by_pipeline
blacklist,bl_hmm_disagreement__ni_k3_r2,283269,0.5569353211920074,0.24744897959183673,0.09519136408243375,"unavailable: PIG v1.02 annotations are distributed by the official authors upon request; no checksum-verifiable unattended download is published. Searched: /tmp/pianovam-audit-260724.djnuaa/PIG, /workspace/PIG. The strict validity gate remains closed.",False,not_assigned_by_pipeline
blacklist,bl_hmm_disagreement__ni_k3_r4,286666,0.563614164574408,0.24744897959183673,0.09463414634146342,"unavailable: PIG v1.02 annotations are distributed by the official authors upon request; no checksum-verifiable unattended download is published. Searched: /tmp/pianovam-audit-260724.djnuaa/PIG, /workspace/PIG. The strict validity gate remains closed.",False,not_assigned_by_pipeline
blacklist,bl_hmm_disagreement__ni_k2_r1,287117,0.5645008758977706,0.24489795918367346,0.09293320425943853,"unavailable: PIG v1.02 annotations are distributed by the official authors upon request; no checksum-verifiable unattended download is published. Searched: /tmp/pianovam-audit-260724.djnuaa/PIG, /workspace/PIG. The strict validity gate remains closed.",False,not_assigned_by_pipeline
blacklist,bl_hmm_disagreement__ni_k2_r2,293994,0.5780217490036785,0.25,0.0937799043062201,"unavailable: PIG v1.02 annotations are distributed by the official authors upon request; no checksum-verifiable unattended download is published. Searched: /tmp/pianovam-audit-260724.djnuaa/PIG, /workspace/PIG. The strict validity gate remains closed.",False,not_assigned_by_pipeline
blacklist,bl_hmm_disagreement__ni_k2_r4,305593,0.6008265486482076,0.25,0.0915032679738562,"unavailable: PIG v1.02 annotations are distributed by the official authors upon request; no checksum-verifiable unattended download is published. Searched: /tmp/pianovam-audit-260724.djnuaa/PIG, /workspace/PIG. The strict validity gate remains closed.",False,not_assigned_by_pipeline
hybrid,hy_direct_plus_corroborated,41928,0.08243466156529125,0.04081632653061224,0.11510791366906475,"unavailable: PIG v1.02 annotations are distributed by the official authors upon request; no checksum-verifiable unattended download is published. Searched: /tmp/pianovam-audit-260724.djnuaa/PIG, /workspace/PIG. The strict validity gate remains closed.",False,not_assigned_by_pipeline
hybrid,hy_direct_plus_corroborated__ni_k5_r1,42349,0.08326238987379601,0.04081632653061224,0.11510791366906475,"unavailable: PIG v1.02 annotations are distributed by the official authors upon request; no checksum-verifiable unattended download is published. Searched: /tmp/pianovam-audit-260724.djnuaa/PIG, /workspace/PIG. The strict validity gate remains closed.",False,not_assigned_by_pipeline
hybrid,hy_direct_plus_corroborated__ni_k5_r2,42818,0.08418449100607328,0.04081632653061224,0.11510791366906475,"unavailable: PIG v1.02 annotations are distributed by the official authors upon request; no checksum-verifiable unattended download is published. Searched: /tmp/pianovam-audit-260724.djnuaa/PIG, /workspace/PIG. The strict validity gate remains closed.",False,not_assigned_by_pipeline
hybrid,hy_direct_plus_corroborated__ni_k5_r4,43721,0.08595987975329371,0.04081632653061224,0.11510791366906475,"unavailable: PIG v1.02 annotations are distributed by the official authors upon request; no checksum-verifiable unattended download is published. Searched: /tmp/pianovam-audit-260724.djnuaa/PIG, /workspace/PIG. The strict validity gate remains closed.",False,not_assigned_by_pipeline
hybrid,hy_direct_plus_corroborated__ni_k3_r1,46292,0.091014724126609,0.04336734693877551,0.1111111111111111,"unavailable: PIG v1.02 annotations are distributed by the official authors upon request; no checksum-verifiable unattended download is published. Searched: /tmp/pianovam-audit-260724.djnuaa/PIG, /workspace/PIG. The strict validity gate remains closed.",False,not_assigned_by_pipeline
hybrid,hy_two_of_three_families,49748,0.09780956743823004,0.061224489795918366,0.14201183431952663,"unavailable: PIG v1.02 annotations are distributed by the official authors upon request; no checksum-verifiable unattended download is published. Searched: /tmp/pianovam-audit-260724.djnuaa/PIG, /workspace/PIG. The strict validity gate remains closed.",False,not_assigned_by_pipeline
hybrid,hy_two_of_three_families__ni_k5_r1,50181,0.09866088895267792,0.061224489795918366,0.14201183431952663,"unavailable: PIG v1.02 annotations are distributed by the official authors upon request; no checksum-verifiable unattended download is published. Searched: /tmp/pianovam-audit-260724.djnuaa/PIG, /workspace/PIG. The strict validity gate remains closed.",False,not_assigned_by_pipeline
hybrid,hy_direct_plus_corroborated__ni_k3_r2,50601,0.09948665116068743,0.04846938775510204,0.1130952380952381,"unavailable: PIG v1.02 annotations are distributed by the official authors upon request; no checksum-verifiable unattended download is published. Searched: /tmp/pianovam-audit-260724.djnuaa/PIG, /workspace/PIG. The strict validity gate remains closed.",False,not_assigned_by_pipeline
hybrid,hy_two_of_three_families__ni_k5_r2,50660,0.0996026510899078,0.061224489795918366,0.14201183431952663,"unavailable: PIG v1.02 annotations are distributed by the official authors upon request; no checksum-verifiable unattended download is published. Searched: /tmp/pianovam-audit-260724.djnuaa/PIG, /workspace/PIG. The strict validity gate remains closed.",False,not_assigned_by_pipeline
hybrid,hy_two_of_three_families__ni_k5_r4,51559,0.10137017543514719,0.061224489795918366,0.14201183431952663,"unavailable: PIG v1.02 annotations are distributed by the official authors upon request; no checksum-verifiable unattended download is published. Searched: /tmp/pianovam-audit-260724.djnuaa/PIG, /workspace/PIG. The strict validity gate remains closed.",False,not_assigned_by_pipeline
hybrid,hy_two_of_three_families__ni_k3_r1,54100,0.10636603679360467,0.06377551020408163,0.13736263736263737,"unavailable: PIG v1.02 annotations are distributed by the official authors upon request; no checksum-verifiable unattended download is published. Searched: /tmp/pianovam-audit-260724.djnuaa/PIG, /workspace/PIG. The strict validity gate remains closed.",False,not_assigned_by_pipeline
hybrid,hy_two_of_three_families__ni_k3_r2,58314,0.11465118428063333,0.06887755102040816,0.1377551020408163,"unavailable: PIG v1.02 annotations are distributed by the official authors upon request; no checksum-verifiable unattended download is published. Searched: /tmp/pianovam-audit-260724.djnuaa/PIG, /workspace/PIG. The strict validity gate remains closed.",False,not_assigned_by_pipeline
hybrid,hy_direct_plus_corroborated__ni_k3_r4,58666,0.11534325165496509,0.058673469387755105,0.11794871794871795,"unavailable: PIG v1.02 annotations are distributed by the official authors upon request; no checksum-verifiable unattended download is published. Searched: /tmp/pianovam-audit-260724.djnuaa/PIG, /workspace/PIG. The strict validity gate remains closed.",False,not_assigned_by_pipeline
hybrid,hy_direct_plus_corroborated__ni_k2_r1,60032,0.11802894493149123,0.05357142857142857,0.1044776119402985,"unavailable: PIG v1.02 annotations are distributed by the official authors upon request; no checksum-verifiable unattended download is published. Searched: /tmp/pianovam-audit-260724.djnuaa/PIG, /workspace/PIG. The strict validity gate remains closed.",False,not_assigned_by_pipeline
hybrid,hy_hierarchical,62225,0.12234060331759798,0.058673469387755105,0.1036036036036036,"unavailable: PIG v1.02 annotations are distributed by the official authors upon request; no checksum-verifiable unattended download is published. Searched: /tmp/pianovam-audit-260724.djnuaa/PIG, /workspace/PIG. The strict validity gate remains closed.",False,not_assigned_by_pipeline
hybrid,hy_hierarchical__ni_k5_r1,62614,0.1231054164102544,0.058673469387755105,0.1036036036036036,"unavailable: PIG v1.02 annotations are distributed by the official authors upon request; no checksum-verifiable unattended download is published. Searched: /tmp/pianovam-audit-260724.djnuaa/PIG, /workspace/PIG. The strict validity gate remains closed.",False,not_assigned_by_pipeline
hybrid,hy_hierarchical__ni_k5_r2,63058,0.12397836503015015,0.058673469387755105,0.1036036036036036,"unavailable: PIG v1.02 annotations are distributed by the official authors upon request; no checksum-verifiable unattended download is published. Searched: /tmp/pianovam-audit-260724.djnuaa/PIG, /workspace/PIG. The strict validity gate remains closed.",False,not_assigned_by_pipeline
hybrid,hy_hierarchical__ni_k5_r4,63902,0.1256377538481502,0.058673469387755105,0.1036036036036036,"unavailable: PIG v1.02 annotations are distributed by the official authors upon request; no checksum-verifiable unattended download is published. Searched: /tmp/pianovam-audit-260724.djnuaa/PIG, /workspace/PIG. The strict validity gate remains closed.",False,not_assigned_by_pipeline
hybrid,hy_two_of_three_families__ni_k3_r4,66137,0.1300319884550579,0.07908163265306123,0.13901345291479822,"unavailable: PIG v1.02 annotations are distributed by the official authors upon request; no checksum-verifiable unattended download is published. Searched: /tmp/pianovam-audit-260724.djnuaa/PIG, /workspace/PIG. The strict validity gate remains closed.",False,not_assigned_by_pipeline
hybrid,hy_hierarchical__ni_k3_r1,66287,0.130326903529347,0.061224489795918366,0.10212765957446808,"unavailable: PIG v1.02 annotations are distributed by the official authors upon request; no checksum-verifiable unattended download is published. Searched: /tmp/pianovam-audit-260724.djnuaa/PIG, /workspace/PIG. The strict validity gate remains closed.",False,not_assigned_by_pipeline
hybrid,hy_two_of_three_families__ni_k2_r1,67620,0.13294771548952952,0.07142857142857142,0.1222707423580786,"unavailable: PIG v1.02 annotations are distributed by the official authors upon request; no checksum-verifiable unattended download is published. Searched: /tmp/pianovam-audit-260724.djnuaa/PIG, /workspace/PIG. The strict validity gate remains closed.",False,not_assigned_by_pipeline
hybrid,hy_hierarchical__ni_k3_r2,70289,0.13819523771138037,0.0663265306122449,0.10441767068273092,"unavailable: PIG v1.02 annotations are distributed by the official authors upon request; no checksum-verifiable unattended download is published. Searched: /tmp/pianovam-audit-260724.djnuaa/PIG, /workspace/PIG. The strict validity gate remains closed.",False,not_assigned_by_pipeline
hybrid,hy_direct_plus_corroborated__ni_k2_r2,76442,0.15029265405871955,0.0663265306122449,0.10441767068273092,"unavailable: PIG v1.02 annotations are distributed by the official authors upon request; no checksum-verifiable unattended download is published. Searched: /tmp/pianovam-audit-260724.djnuaa/PIG, /workspace/PIG. The strict validity gate remains closed.",False,not_assigned_by_pipeline
hybrid,hy_hierarchical__ni_k3_r4,77773,0.15290953381791156,0.07653061224489796,0.10948905109489052,"unavailable: PIG v1.02 annotations are distributed by the official authors upon request; no checksum-verifiable unattended download is published. Searched: /tmp/pianovam-audit-260724.djnuaa/PIG, /workspace/PIG. The strict validity gate remains closed.",False,not_assigned_by_pipeline
hybrid,hy_hierarchical__ni_k2_r1,79082,0.15548315936620785,0.06887755102040816,0.09608540925266904,"unavailable: PIG v1.02 annotations are distributed by the official authors upon request; no checksum-verifiable unattended download is published. Searched: /tmp/pianovam-audit-260724.djnuaa/PIG, /workspace/PIG. The strict validity gate remains closed.",False,not_assigned_by_pipeline
hybrid,hy_two_of_three_families__ni_k2_r2,83552,0.16427162858002323,0.08418367346938775,0.11956521739130435,"unavailable: PIG v1.02 annotations are distributed by the official authors upon request; no checksum-verifiable unattended download is published. Searched: /tmp/pianovam-audit-260724.djnuaa/PIG, /workspace/PIG. The strict validity gate remains closed.",False,not_assigned_by_pipeline
hybrid,hy_hierarchical__ni_k2_r2,94339,0.18547995462240058,0.08163265306122448,0.09815950920245399,"unavailable: PIG v1.02 annotations are distributed by the official authors upon request; no checksum-verifiable unattended download is published. Searched: /tmp/pianovam-audit-260724.djnuaa/PIG, /workspace/PIG. The strict validity gate remains closed.",False,not_assigned_by_pipeline
hybrid,hy_direct_plus_corroborated__ni_k2_r4,104504,0.20546536615672573,0.08163265306122448,0.0960960960960961,"unavailable: PIG v1.02 annotations are distributed by the official authors upon request; no checksum-verifiable unattended download is published. Searched: /tmp/pianovam-audit-260724.djnuaa/PIG, /workspace/PIG. The strict validity gate remains closed.",False,not_assigned_by_pipeline
hybrid,hy_two_of_three_families__ni_k2_r4,110739,0.2177240027446763,0.09948979591836735,0.10955056179775281,"unavailable: PIG v1.02 annotations are distributed by the official authors upon request; no checksum-verifiable unattended download is published. Searched: /tmp/pianovam-audit-260724.djnuaa/PIG, /workspace/PIG. The strict validity gate remains closed.",False,not_assigned_by_pipeline
hybrid,hy_hierarchical__ni_k2_r4,120468,0.2368521944630678,0.09693877551020408,0.09429280397022333,"unavailable: PIG v1.02 annotations are distributed by the official authors upon request; no checksum-verifiable unattended download is published. Searched: /tmp/pianovam-audit-260724.djnuaa/PIG, /workspace/PIG. The strict validity gate remains closed.",False,not_assigned_by_pipeline
integrity,mandatory_missing__ni_k5_r1,580,0.0011403382872512146,0.0,,"unavailable: PIG v1.02 annotations are distributed by the official authors upon request; no checksum-verifiable unattended download is published. Searched: /tmp/pianovam-audit-260724.djnuaa/PIG, /workspace/PIG. The strict validity gate remains closed.",False,not_assigned_by_pipeline
integrity,mandatory_missing__ni_k5_r2,1149,0.002259049469054561,0.0,,"unavailable: PIG v1.02 annotations are distributed by the official authors upon request; no checksum-verifiable unattended download is published. Searched: /tmp/pianovam-audit-260724.djnuaa/PIG, /workspace/PIG. The strict validity gate remains closed.",False,not_assigned_by_pipeline
integrity,mandatory_missing__ni_k5_r4,2247,0.004417827812850826,0.0,,"unavailable: PIG v1.02 annotations are distributed by the official authors upon request; no checksum-verifiable unattended download is published. Searched: /tmp/pianovam-audit-260724.djnuaa/PIG, /workspace/PIG. The strict validity gate remains closed.",False,not_assigned_by_pipeline
integrity,mandatory_missing__ni_k3_r1,5397,0.010611044372922077,0.00510204081632653,0.11764705882352941,"unavailable: PIG v1.02 annotations are distributed by the official authors upon request; no checksum-verifiable unattended download is published. Searched: /tmp/pianovam-audit-260724.djnuaa/PIG, /workspace/PIG. The strict validity gate remains closed.",False,not_assigned_by_pipeline
integrity,mandatory_missing__ni_k3_r2,10476,0.020596868788351246,0.012755102040816327,0.15151515151515152,"unavailable: PIG v1.02 annotations are distributed by the official authors upon request; no checksum-verifiable unattended download is published. Searched: /tmp/pianovam-audit-260724.djnuaa/PIG, /workspace/PIG. The strict validity gate remains closed.",False,not_assigned_by_pipeline
integrity,mandatory_missing__ni_k3_r4,19824,0.03897597621804841,0.02295918367346939,0.140625,"unavailable: PIG v1.02 annotations are distributed by the official authors upon request; no checksum-verifiable unattended download is published. Searched: /tmp/pianovam-audit-260724.djnuaa/PIG, /workspace/PIG. The strict validity gate remains closed.",False,not_assigned_by_pipeline
integrity,mandatory_missing__ni_k2_r1,21651,0.042568041822889736,0.015306122448979591,0.08450704225352113,"unavailable: PIG v1.02 annotations are distributed by the official authors upon request; no checksum-verifiable unattended download is published. Searched: /tmp/pianovam-audit-260724.djnuaa/PIG, /workspace/PIG. The strict validity gate remains closed.",False,not_assigned_by_pipeline
integrity,mandatory_missing__ni_k2_r2,40529,0.0796840869724215,0.03571428571428571,0.109375,"unavailable: PIG v1.02 annotations are distributed by the official authors upon request; no checksum-verifiable unattended download is published. Searched: /tmp/pianovam-audit-260724.djnuaa/PIG, /workspace/PIG. The strict validity gate remains closed.",False,not_assigned_by_pipeline
integrity,mandatory_missing__ni_k2_r4,72373,0.1422925911435037,0.05357142857142857,0.09375,"unavailable: PIG v1.02 annotations are distributed by the official authors upon request; no checksum-verifiable unattended download is published. Searched: /tmp/pianovam-audit-260724.djnuaa/PIG, /workspace/PIG. The strict validity gate remains closed.",False,not_assigned_by_pipeline
integrity,mandatory_missing,74248,0.14597902957211756,0.701530612244898,1.0,"unavailable: PIG v1.02 annotations are distributed by the official authors upon request; no checksum-verifiable unattended download is published. Searched: /tmp/pianovam-audit-260724.djnuaa/PIG, /workspace/PIG. The strict validity gate remains closed.",False,not_assigned_by_pipeline
noinfo_sensitivity,ni_k5_r1,580,0.0011403382872512146,0.0,,"unavailable: PIG v1.02 annotations are distributed by the official authors upon request; no checksum-verifiable unattended download is published. Searched: /tmp/pianovam-audit-260724.djnuaa/PIG, /workspace/PIG. The strict validity gate remains closed.",False,not_assigned_by_pipeline
noinfo_sensitivity,ni_w5_q990,785,0.0015433888887796611,0.0,0.0,"unavailable: PIG v1.02 annotations are distributed by the official authors upon request; no checksum-verifiable unattended download is published. Searched: /tmp/pianovam-audit-260724.djnuaa/PIG, /workspace/PIG. The strict validity gate remains closed.",False,not_assigned_by_pipeline
noinfo_sensitivity,ni_w5_q995,785,0.0015433888887796611,0.0,0.0,"unavailable: PIG v1.02 annotations are distributed by the official authors upon request; no checksum-verifiable unattended download is published. Searched: /tmp/pianovam-audit-260724.djnuaa/PIG, /workspace/PIG. The strict validity gate remains closed.",False,not_assigned_by_pipeline
noinfo_sensitivity,ni_w17_q995,1004,0.001973964897241758,0.002551020408163265,0.058823529411764705,"unavailable: PIG v1.02 annotations are distributed by the official authors upon request; no checksum-verifiable unattended download is published. Searched: /tmp/pianovam-audit-260724.djnuaa/PIG, /workspace/PIG. The strict validity gate remains closed.",False,not_assigned_by_pipeline
noinfo_sensitivity,ni_w9_q995,1094,0.002150913941815222,0.0,0.0,"unavailable: PIG v1.02 annotations are distributed by the official authors upon request; no checksum-verifiable unattended download is published. Searched: /tmp/pianovam-audit-260724.djnuaa/PIG, /workspace/PIG. The strict validity gate remains closed.",False,not_assigned_by_pipeline
noinfo_sensitivity,ni_k5_r2,1149,0.002259049469054561,0.0,,"unavailable: PIG v1.02 annotations are distributed by the official authors upon request; no checksum-verifiable unattended download is published. Searched: /tmp/pianovam-audit-260724.djnuaa/PIG, /workspace/PIG. The strict validity gate remains closed.",False,not_assigned_by_pipeline
noinfo_sensitivity,ni_k5_r4,2247,0.004417827812850826,0.0,,"unavailable: PIG v1.02 annotations are distributed by the official authors upon request; no checksum-verifiable unattended download is published. Searched: /tmp/pianovam-audit-260724.djnuaa/PIG, /workspace/PIG. The strict validity gate remains closed.",False,not_assigned_by_pipeline
noinfo_sensitivity,ni_w17_q990,2496,0.004907386836170744,0.002551020408163265,0.05263157894736842,"unavailable: PIG v1.02 annotations are distributed by the official authors upon request; no checksum-verifiable unattended download is published. Searched: /tmp/pianovam-audit-260724.djnuaa/PIG, /workspace/PIG. The strict validity gate remains closed.",False,not_assigned_by_pipeline
noinfo_sensitivity,ni_w9_q975,5060,0.009948468506019216,0.01020408163265306,0.09302325581395349,"unavailable: PIG v1.02 annotations are distributed by the official authors upon request; no checksum-verifiable unattended download is published. Searched: /tmp/pianovam-audit-260724.djnuaa/PIG, /workspace/PIG. The strict validity gate remains closed.",False,not_assigned_by_pipeline
noinfo_sensitivity,ni_w9_q990,5060,0.009948468506019216,0.002551020408163265,0.043478260869565216,"unavailable: PIG v1.02 annotations are distributed by the official authors upon request; no checksum-verifiable unattended download is published. Searched: /tmp/pianovam-audit-260724.djnuaa/PIG, /workspace/PIG. The strict validity gate remains closed.",False,not_assigned_by_pipeline
noinfo_sensitivity,ni_k3_r1,5397,0.010611044372922077,0.00510204081632653,0.11764705882352941,"unavailable: PIG v1.02 annotations are distributed by the official authors upon request; no checksum-verifiable unattended download is published. Searched: /tmp/pianovam-audit-260724.djnuaa/PIG, /workspace/PIG. The strict validity gate remains closed.",False,not_assigned_by_pipeline
noinfo_sensitivity,ni_w17_q975,6006,0.011808399574535854,0.002551020408163265,0.03333333333333333,"unavailable: PIG v1.02 annotations are distributed by the official authors upon request; no checksum-verifiable unattended download is published. Searched: /tmp/pianovam-audit-260724.djnuaa/PIG, /workspace/PIG. The strict validity gate remains closed.",False,not_assigned_by_pipeline
noinfo_sensitivity,ni_w5_q975,8627,0.016961548972614187,0.012755102040816327,0.15151515151515152,"unavailable: PIG v1.02 annotations are distributed by the official authors upon request; no checksum-verifiable unattended download is published. Searched: /tmp/pianovam-audit-260724.djnuaa/PIG, /workspace/PIG. The strict validity gate remains closed.",False,not_assigned_by_pipeline
noinfo_sensitivity,ni_k3_r2,10476,0.020596868788351246,0.012755102040816327,0.15151515151515152,"unavailable: PIG v1.02 annotations are distributed by the official authors upon request; no checksum-verifiable unattended download is published. Searched: /tmp/pianovam-audit-260724.djnuaa/PIG, /workspace/PIG. The strict validity gate remains closed.",False,not_assigned_by_pipeline
noinfo_sensitivity,ni_k3_r4,19824,0.03897597621804841,0.02295918367346939,0.140625,"unavailable: PIG v1.02 annotations are distributed by the official authors upon request; no checksum-verifiable unattended download is published. Searched: /tmp/pianovam-audit-260724.djnuaa/PIG, /workspace/PIG. The strict validity gate remains closed.",False,not_assigned_by_pipeline
noinfo_sensitivity,ni_k2_r1,21651,0.042568041822889736,0.015306122448979591,0.08450704225352113,"unavailable: PIG v1.02 annotations are distributed by the official authors upon request; no checksum-verifiable unattended download is published. Searched: /tmp/pianovam-audit-260724.djnuaa/PIG, /workspace/PIG. The strict validity gate remains closed.",False,not_assigned_by_pipeline
noinfo_sensitivity,ni_k2_r2,40529,0.0796840869724215,0.03571428571428571,0.109375,"unavailable: PIG v1.02 annotations are distributed by the official authors upon request; no checksum-verifiable unattended download is published. Searched: /tmp/pianovam-audit-260724.djnuaa/PIG, /workspace/PIG. The strict validity gate remains closed.",False,not_assigned_by_pipeline
noinfo_sensitivity,ni_k2_r4,72373,0.1422925911435037,0.05357142857142857,0.09375,"unavailable: PIG v1.02 annotations are distributed by the official authors upon request; no checksum-verifiable unattended download is published. Searched: /tmp/pianovam-audit-260724.djnuaa/PIG, /workspace/PIG. The strict validity gate remains closed.",False,not_assigned_by_pipeline
whitelist,wl_model_agreement,279540,0.5496037324451802,0.2423469387755102,0.09415262636273539,"unavailable: PIG v1.02 annotations are distributed by the official authors upon request; no checksum-verifiable unattended download is published. Searched: /tmp/pianovam-audit-260724.djnuaa/PIG, /workspace/PIG. The strict validity gate remains closed.",False,not_assigned_by_pipeline
whitelist,wl_model_agreement__ni_k5_r1,279738,0.5499930203432418,0.2423469387755102,0.09415262636273539,"unavailable: PIG v1.02 annotations are distributed by the official authors upon request; no checksum-verifiable unattended download is published. Searched: /tmp/pianovam-audit-260724.djnuaa/PIG, /workspace/PIG. The strict validity gate remains closed.",False,not_assigned_by_pipeline
whitelist,wl_model_agreement__ni_k5_r2,279942,0.550394104844275,0.2423469387755102,0.09415262636273539,"unavailable: PIG v1.02 annotations are distributed by the official authors upon request; no checksum-verifiable unattended download is published. Searched: /tmp/pianovam-audit-260724.djnuaa/PIG, /workspace/PIG. The strict validity gate remains closed.",False,not_assigned_by_pipeline
whitelist,wl_model_agreement__ni_k5_r4,280332,0.5511608840374267,0.2423469387755102,0.09415262636273539,"unavailable: PIG v1.02 annotations are distributed by the official authors upon request; no checksum-verifiable unattended download is published. Searched: /tmp/pianovam-audit-260724.djnuaa/PIG, /workspace/PIG. The strict validity gate remains closed.",False,not_assigned_by_pipeline
whitelist,wl_model_agreement__ni_k3_r1,281415,0.5532901708737941,0.2423469387755102,0.09378084896347483,"unavailable: PIG v1.02 annotations are distributed by the official authors upon request; no checksum-verifiable unattended download is published. Searched: /tmp/pianovam-audit-260724.djnuaa/PIG, /workspace/PIG. The strict validity gate remains closed.",False,not_assigned_by_pipeline
whitelist,wl_model_agreement__ni_k3_r2,283269,0.5569353211920074,0.24744897959183673,0.09519136408243375,"unavailable: PIG v1.02 annotations are distributed by the official authors upon request; no checksum-verifiable unattended download is published. Searched: /tmp/pianovam-audit-260724.djnuaa/PIG, /workspace/PIG. The strict validity gate remains closed.",False,not_assigned_by_pipeline
whitelist,wl_model_agreement__ni_k3_r4,286666,0.563614164574408,0.24744897959183673,0.09463414634146342,"unavailable: PIG v1.02 annotations are distributed by the official authors upon request; no checksum-verifiable unattended download is published. Searched: /tmp/pianovam-audit-260724.djnuaa/PIG, /workspace/PIG. The strict validity gate remains closed.",False,not_assigned_by_pipeline
whitelist,wl_model_agreement__ni_k2_r1,287117,0.5645008758977706,0.24489795918367346,0.09293320425943853,"unavailable: PIG v1.02 annotations are distributed by the official authors upon request; no checksum-verifiable unattended download is published. Searched: /tmp/pianovam-audit-260724.djnuaa/PIG, /workspace/PIG. The strict validity gate remains closed.",False,not_assigned_by_pipeline
whitelist,wl_model_agreement__ni_k2_r2,293994,0.5780217490036785,0.25,0.0937799043062201,"unavailable: PIG v1.02 annotations are distributed by the official authors upon request; no checksum-verifiable unattended download is published. Searched: /tmp/pianovam-audit-260724.djnuaa/PIG, /workspace/PIG. The strict validity gate remains closed.",False,not_assigned_by_pipeline
whitelist,wl_model_agreement__ni_k2_r4,305593,0.6008265486482076,0.25,0.0915032679738562,"unavailable: PIG v1.02 annotations are distributed by the official authors upon request; no checksum-verifiable unattended download is published. Searched: /tmp/pianovam-audit-260724.djnuaa/PIG, /workspace/PIG. The strict validity gate remains closed.",False,not_assigned_by_pipeline
whitelist,wl_strict_obvious,351748,0.6915719170069659,0.2780612244897959,0.08797417271993543,"unavailable: PIG v1.02 annotations are distributed by the official authors upon request; no checksum-verifiable unattended download is published. Searched: /tmp/pianovam-audit-260724.djnuaa/PIG, /workspace/PIG. The strict validity gate remains closed.",False,not_assigned_by_pipeline
whitelist,wl_strict_obvious__ni_k5_r1,351827,0.6917272389460914,0.2780612244897959,0.08797417271993543,"unavailable: PIG v1.02 annotations are distributed by the official authors upon request; no checksum-verifiable unattended download is published. Searched: /tmp/pianovam-audit-260724.djnuaa/PIG, /workspace/PIG. The strict validity gate remains closed.",False,not_assigned_by_pipeline
whitelist,wl_strict_obvious__ni_k5_r2,351922,0.6919140184931413,0.2780612244897959,0.08797417271993543,"unavailable: PIG v1.02 annotations are distributed by the official authors upon request; no checksum-verifiable unattended download is published. Searched: /tmp/pianovam-audit-260724.djnuaa/PIG, /workspace/PIG. The strict validity gate remains closed.",False,not_assigned_by_pipeline
whitelist,wl_strict_obvious__ni_k5_r4,352095,0.6922541538788214,0.2780612244897959,0.08797417271993543,"unavailable: PIG v1.02 annotations are distributed by the official authors upon request; no checksum-verifiable unattended download is published. Searched: /tmp/pianovam-audit-260724.djnuaa/PIG, /workspace/PIG. The strict validity gate remains closed.",False,not_assigned_by_pipeline
whitelist,wl_strict_obvious__ni_k3_r1,352611,0.6932686617343758,0.2780612244897959,0.08783239323126511,"unavailable: PIG v1.02 annotations are distributed by the official authors upon request; no checksum-verifiable unattended download is published. Searched: /tmp/pianovam-audit-260724.djnuaa/PIG, /workspace/PIG. The strict validity gate remains closed.",False,not_assigned_by_pipeline
whitelist,wl_strict_obvious__ni_k3_r2,353502,0.6950204572756532,0.28061224489795916,0.08842443729903537,"unavailable: PIG v1.02 annotations are distributed by the official authors upon request; no checksum-verifiable unattended download is published. Searched: /tmp/pianovam-audit-260724.djnuaa/PIG, /workspace/PIG. The strict validity gate remains closed.",False,not_assigned_by_pipeline
whitelist,wl_strict_obvious__ni_k3_r4,355074,0.6981111672542031,0.28061224489795916,0.08821170809943865,"unavailable: PIG v1.02 annotations are distributed by the official authors upon request; no checksum-verifiable unattended download is published. Searched: /tmp/pianovam-audit-260724.djnuaa/PIG, /workspace/PIG. The strict validity gate remains closed.",False,not_assigned_by_pipeline
whitelist,wl_strict_obvious__ni_k2_r1,355366,0.6986852685988192,0.2780612244897959,0.08713029576338929,"unavailable: PIG v1.02 annotations are distributed by the official authors upon request; no checksum-verifiable unattended download is published. Searched: /tmp/pianovam-audit-260724.djnuaa/PIG, /workspace/PIG. The strict validity gate remains closed.",False,not_assigned_by_pipeline
whitelist,wl_strict_obvious__ni_k2_r2,358703,0.7052461459515041,0.28061224489795916,0.08744038155802862,"unavailable: PIG v1.02 annotations are distributed by the official authors upon request; no checksum-verifiable unattended download is published. Searched: /tmp/pianovam-audit-260724.djnuaa/PIG, /workspace/PIG. The strict validity gate remains closed.",False,not_assigned_by_pipeline
whitelist,wl_strict_obvious__ni_k2_r4,364244,0.7161403087957438,0.28061224489795916,0.08634222919937205,"unavailable: PIG v1.02 annotations are distributed by the official authors upon request; no checksum-verifiable unattended download is published. Searched: /tmp/pianovam-audit-260724.djnuaa/PIG, /workspace/PIG. The strict validity gate remains closed.",False,not_assigned_by_pipeline
