set_id,noinfo_variant,noinfo_calibration,noinfo_window,noinfo_quantile,gt_hard_count,base_risk_method,physical_policy_status,noinfo_min_run,noinfo_context_radius,hard_count,hard_percentage_all_notes,gt_error_recall,assigned_gt_error_recall,gt_precision,error_enrichment,incremental_count_beyond_physical,incremental_errors_beyond_physical
legacy_current_default__ni_k3_r1,ni_k3_r1,fixed,,,90,legacy_current_default,"unavailable: PIG v1.02 annotations are distributed by the official authors upon request; no checksum-verifiable unattended download is published. Searched: /tmp/pianovam-audit-260724.djnuaa/PIG, /workspace/PIG. The strict validity gate remains closed.",3.0,1.0,35000,0.06881351733412501,0.0663265306122449,0.2222222222222222,0.28888888888888886,1.3265306122448979,35000,26
legacy_current_default__ni_k3_r2,ni_k3_r2,fixed,,,90,legacy_current_default,"unavailable: PIG v1.02 annotations are distributed by the official authors upon request; no checksum-verifiable unattended download is published. Searched: /tmp/pianovam-audit-260724.djnuaa/PIG, /workspace/PIG. The strict validity gate remains closed.",3.0,2.0,35000,0.06881351733412501,0.0663265306122449,0.2222222222222222,0.28888888888888886,1.3265306122448979,35000,26
legacy_current_default__ni_k5_r1,ni_k5_r1,fixed,,,90,legacy_current_default,"unavailable: PIG v1.02 annotations are distributed by the official authors upon request; no checksum-verifiable unattended download is published. Searched: /tmp/pianovam-audit-260724.djnuaa/PIG, /workspace/PIG. The strict validity gate remains closed.",5.0,1.0,35000,0.06881351733412501,0.0663265306122449,0.2222222222222222,0.28888888888888886,1.3265306122448979,35000,26
legacy_current_default__ni_k5_r2,ni_k5_r2,fixed,,,90,legacy_current_default,"unavailable: PIG v1.02 annotations are distributed by the official authors upon request; no checksum-verifiable unattended download is published. Searched: /tmp/pianovam-audit-260724.djnuaa/PIG, /workspace/PIG. The strict validity gate remains closed.",5.0,2.0,35000,0.06881351733412501,0.0663265306122449,0.2222222222222222,0.28888888888888886,1.3265306122448979,35000,26
legacy_current_default__ni_k5_r4,ni_k5_r4,fixed,,,90,legacy_current_default,"unavailable: PIG v1.02 annotations are distributed by the official authors upon request; no checksum-verifiable unattended download is published. Searched: /tmp/pianovam-audit-260724.djnuaa/PIG, /workspace/PIG. The strict validity gate remains closed.",5.0,4.0,35860,0.07050436376004923,0.0663265306122449,0.2222222222222222,0.28888888888888886,1.3265306122448979,35860,26
legacy_current_default__ni_k3_r4,ni_k3_r4,fixed,,,116,legacy_current_default,"unavailable: PIG v1.02 annotations are distributed by the official authors upon request; no checksum-verifiable unattended download is published. Searched: /tmp/pianovam-audit-260724.djnuaa/PIG, /workspace/PIG. The strict validity gate remains closed.",3.0,4.0,43570,0.08566299857850934,0.07142857142857142,0.23931623931623933,0.2413793103448276,1.1083743842364533,43570,28
legacy_current_default__ni_k2_r1,ni_k2_r1,fixed,,,139,legacy_current_default,"unavailable: PIG v1.02 annotations are distributed by the official authors upon request; no checksum-verifiable unattended download is published. Searched: /tmp/pianovam-audit-260724.djnuaa/PIG, /workspace/PIG. The strict validity gate remains closed.",2.0,1.0,49431,0.09718631358123239,0.07397959183673469,0.24786324786324787,0.20863309352517986,0.9580091029217443,49431,29
legacy_current_default__ni_k2_r2,ni_k2_r2,fixed,,,180,legacy_current_default,"unavailable: PIG v1.02 annotations are distributed by the official authors upon request; no checksum-verifiable unattended download is published. Searched: /tmp/pianovam-audit-260724.djnuaa/PIG, /workspace/PIG. The strict validity gate remains closed.",2.0,2.0,62762,0.12339639928355298,0.08418367346938775,0.28205128205128205,0.18333333333333332,0.8418367346938775,62762,33
legacy_current_default__ni_k2_r4,ni_k2_r4,fixed,,,270,legacy_current_default,"unavailable: PIG v1.02 annotations are distributed by the official authors upon request; no checksum-verifiable unattended download is published. Searched: /tmp/pianovam-audit-260724.djnuaa/PIG, /workspace/PIG. The strict validity gate remains closed.",2.0,4.0,92261,0.1813943977932488,0.09438775510204081,0.3162393162393162,0.13703703703703704,0.6292517006802721,92261,37
bl_step_crossing__ni_k5_r1,ni_k5_r1,fixed,,,10,bl_step_crossing,"unavailable: PIG v1.02 annotations are distributed by the official authors upon request; no checksum-verifiable unattended download is published. Searched: /tmp/pianovam-audit-260724.djnuaa/PIG, /workspace/PIG. The strict validity gate remains closed.",5.0,1.0,4200,0.008257622080095003,0.007653061224489796,0.02564102564102564,0.3,1.3775510204081634,4200,3
bl_step_crossing__ni_k5_r2,ni_k5_r2,fixed,,,10,bl_step_crossing,"unavailable: PIG v1.02 annotations are distributed by the official authors upon request; no checksum-verifiable unattended download is published. Searched: /tmp/pianovam-audit-260724.djnuaa/PIG, /workspace/PIG. The strict validity gate remains closed.",5.0,2.0,4761,0.009360604457936263,0.007653061224489796,0.02564102564102564,0.3,1.3775510204081634,4761,3
bl_rate_q995__ni_k5_r1,ni_k5_r1,fixed,,,8,bl_rate_q995,"unavailable: PIG v1.02 annotations are distributed by the official authors upon request; no checksum-verifiable unattended download is published. Searched: /tmp/pianovam-audit-260724.djnuaa/PIG, /workspace/PIG. The strict validity gate remains closed.",5.0,1.0,5323,0.010465552936272784,0.00510204081632653,0.017094017094017096,0.25,1.1479591836734695,5323,2
bl_step_crossing__ni_k5_r4,ni_k5_r4,fixed,,,10,bl_step_crossing,"unavailable: PIG v1.02 annotations are distributed by the official authors upon request; no checksum-verifiable unattended download is published. Searched: /tmp/pianovam-audit-260724.djnuaa/PIG, /workspace/PIG. The strict validity gate remains closed.",5.0,4.0,5839,0.011480060791827314,0.007653061224489796,0.02564102564102564,0.3,1.3775510204081634,5839,3
bl_rate_q995__ni_k5_r2,ni_k5_r2,fixed,,,8,bl_rate_q995,"unavailable: PIG v1.02 annotations are distributed by the official authors upon request; no checksum-verifiable unattended download is published. Searched: /tmp/pianovam-audit-260724.djnuaa/PIG, /workspace/PIG. The strict validity gate remains closed.",5.0,2.0,5887,0.011574433615599828,0.00510204081632653,0.017094017094017096,0.25,1.1479591836734695,5887,2
bl_rate_q990__ni_k5_r1,ni_k5_r1,fixed,,,17,bl_rate_q990,"unavailable: PIG v1.02 annotations are distributed by the official authors upon request; no checksum-verifiable unattended download is published. Searched: /tmp/pianovam-audit-260724.djnuaa/PIG, /workspace/PIG. The strict validity gate remains closed.",5.0,1.0,6928,0.013621144231166232,0.01020408163265306,0.03418803418803419,0.23529411764705882,1.0804321728691477,6928,4
bl_rate_q995__ni_k5_r4,ni_k5_r4,fixed,,,8,bl_rate_q995,"unavailable: PIG v1.02 annotations are distributed by the official authors upon request; no checksum-verifiable unattended download is published. Searched: /tmp/pianovam-audit-260724.djnuaa/PIG, /workspace/PIG. The strict validity gate remains closed.",5.0,4.0,6972,0.013707652652957703,0.00510204081632653,0.017094017094017096,0.25,1.1479591836734695,6972,2
bl_rate_q990__ni_k5_r2,ni_k5_r2,fixed,,,17,bl_rate_q990,"unavailable: PIG v1.02 annotations are distributed by the official authors upon request; no checksum-verifiable unattended download is published. Searched: /tmp/pianovam-audit-260724.djnuaa/PIG, /workspace/PIG. The strict validity gate remains closed.",5.0,2.0,7492,0.014730024910493276,0.01020408163265306,0.03418803418803419,0.23529411764705882,1.0804321728691477,7492,4
bl_rate_q990__ni_k5_r4,ni_k5_r4,fixed,,,17,bl_rate_q990,"unavailable: PIG v1.02 annotations are distributed by the official authors upon request; no checksum-verifiable unattended download is published. Searched: /tmp/pianovam-audit-260724.djnuaa/PIG, /workspace/PIG. The strict validity gate remains closed.",5.0,4.0,8572,0.016853413445374846,0.01020408163265306,0.03418803418803419,0.23529411764705882,1.0804321728691477,8572,4
bl_step_crossing__ni_k3_r1,ni_k3_r1,fixed,,,25,bl_step_crossing,"unavailable: PIG v1.02 annotations are distributed by the official authors upon request; no checksum-verifiable unattended download is published. Searched: /tmp/pianovam-audit-260724.djnuaa/PIG, /workspace/PIG. The strict validity gate remains closed.",3.0,1.0,8955,0.0176064299350597,0.01020408163265306,0.03418803418803419,0.16,0.7346938775510204,8955,4
bl_rate_q995__ni_k3_r1,ni_k3_r1,fixed,,,25,bl_rate_q995,"unavailable: PIG v1.02 annotations are distributed by the official authors upon request; no checksum-verifiable unattended download is published. Searched: /tmp/pianovam-audit-260724.djnuaa/PIG, /workspace/PIG. The strict validity gate remains closed.",3.0,1.0,10101,0.01985958110262848,0.01020408163265306,0.03418803418803419,0.16,0.7346938775510204,10101,4
bl_crossing__ni_k5_r1,ni_k5_r1,fixed,,,28,bl_crossing,"unavailable: PIG v1.02 annotations are distributed by the official authors upon request; no checksum-verifiable unattended download is published. Searched: /tmp/pianovam-audit-260724.djnuaa/PIG, /workspace/PIG. The strict validity gate remains closed.",5.0,1.0,10238,0.0201289368704792,0.017857142857142856,0.05982905982905983,0.25,1.1479591836734695,10238,7
bl_crossing__ni_k5_r2,ni_k5_r2,fixed,,,28,bl_crossing,"unavailable: PIG v1.02 annotations are distributed by the official authors upon request; no checksum-verifiable unattended download is published. Searched: /tmp/pianovam-audit-260724.djnuaa/PIG, /workspace/PIG. The strict validity gate remains closed.",5.0,2.0,10777,0.021188665037424722,0.017857142857142856,0.05982905982905983,0.25,1.1479591836734695,10777,7
bl_rate_q990__ni_k3_r1,ni_k3_r1,fixed,,,33,bl_rate_q990,"unavailable: PIG v1.02 annotations are distributed by the official authors upon request; no checksum-verifiable unattended download is published. Searched: /tmp/pianovam-audit-260724.djnuaa/PIG, /workspace/PIG. The strict validity gate remains closed.",3.0,1.0,11690,0.022983714789597754,0.015306122448979591,0.05128205128205128,0.18181818181818182,0.8348794063079779,11690,6
bl_crossing__ni_k5_r4,ni_k5_r4,fixed,,,28,bl_crossing,"unavailable: PIG v1.02 annotations are distributed by the official authors upon request; no checksum-verifiable unattended download is published. Searched: /tmp/pianovam-audit-260724.djnuaa/PIG, /workspace/PIG. The strict validity gate remains closed.",5.0,4.0,11818,0.023235375652991126,0.017857142857142856,0.05982905982905983,0.25,1.1479591836734695,11818,7
bl_step_crossing__ni_k3_r2,ni_k3_r2,fixed,,,40,bl_step_crossing,"unavailable: PIG v1.02 annotations are distributed by the official authors upon request; no checksum-verifiable unattended download is published. Searched: /tmp/pianovam-audit-260724.djnuaa/PIG, /workspace/PIG. The strict validity gate remains closed.",3.0,2.0,13963,0.02745266121532536,0.015306122448979591,0.05128205128205128,0.15,0.6887755102040817,13963,6
bl_crossing__ni_k3_r1,ni_k3_r1,fixed,,,43,bl_crossing,"unavailable: PIG v1.02 annotations are distributed by the official authors upon request; no checksum-verifiable unattended download is published. Searched: /tmp/pianovam-audit-260724.djnuaa/PIG, /workspace/PIG. The strict validity gate remains closed.",3.0,1.0,14818,0.02913367713877327,0.02040816326530612,0.06837606837606838,0.18604651162790697,0.8542952064546749,14818,8
bl_rate_q995__ni_k3_r2,ni_k3_r2,fixed,,,41,bl_rate_q995,"unavailable: PIG v1.02 annotations are distributed by the official authors upon request; no checksum-verifiable unattended download is published. Searched: /tmp/pianovam-audit-260724.djnuaa/PIG, /workspace/PIG. The strict validity gate remains closed.",3.0,2.0,15115,0.029717608985865705,0.017857142857142856,0.05982905982905983,0.17073170731707318,0.7839721254355402,15115,7
bl_rate_q975__ni_k5_r1,ni_k5_r1,fixed,,,42,bl_rate_q975,"unavailable: PIG v1.02 annotations are distributed by the official authors upon request; no checksum-verifiable unattended download is published. Searched: /tmp/pianovam-audit-260724.djnuaa/PIG, /workspace/PIG. The strict validity gate remains closed.",5.0,1.0,15225,0.029933880040344384,0.015306122448979591,0.05128205128205128,0.14285714285714285,0.6559766763848397,15225,6
bl_rate_q975__ni_k5_r2,ni_k5_r2,fixed,,,42,bl_rate_q975,"unavailable: PIG v1.02 annotations are distributed by the official authors upon request; no checksum-verifiable unattended download is published. Searched: /tmp/pianovam-audit-260724.djnuaa/PIG, /workspace/PIG. The strict validity gate remains closed.",5.0,2.0,15774,0.031013269212242515,0.015306122448979591,0.05128205128205128,0.14285714285714285,0.6559766763848397,15774,6
bl_rate_q990__ni_k3_r2,ni_k3_r2,fixed,,,49,bl_rate_q990,"unavailable: PIG v1.02 annotations are distributed by the official authors upon request; no checksum-verifiable unattended download is published. Searched: /tmp/pianovam-audit-260724.djnuaa/PIG, /workspace/PIG. The strict validity gate remains closed.",3.0,2.0,16685,0.03280438676342502,0.02295918367346939,0.07692307692307693,0.1836734693877551,0.8433985839233653,16685,9
bl_rate_q975__ni_k5_r4,ni_k5_r4,fixed,,,42,bl_rate_q975,"unavailable: PIG v1.02 annotations are distributed by the official authors upon request; no checksum-verifiable unattended download is published. Searched: /tmp/pianovam-audit-260724.djnuaa/PIG, /workspace/PIG. The strict validity gate remains closed.",5.0,4.0,16831,0.03309143743573309,0.015306122448979591,0.05128205128205128,0.14285714285714285,0.6559766763848397,16831,6
bl_crossing__ni_k3_r2,ni_k3_r2,fixed,,,58,bl_crossing,"unavailable: PIG v1.02 annotations are distributed by the official authors upon request; no checksum-verifiable unattended download is published. Searched: /tmp/pianovam-audit-260724.djnuaa/PIG, /workspace/PIG. The strict validity gate remains closed.",3.0,2.0,19674,0.0386810611437593,0.025510204081632654,0.08547008547008547,0.1724137931034483,0.7916959887403238,19674,10
bl_rate_q975__ni_k3_r1,ni_k3_r1,fixed,,,58,bl_rate_q975,"unavailable: PIG v1.02 annotations are distributed by the official authors upon request; no checksum-verifiable unattended download is published. Searched: /tmp/pianovam-audit-260724.djnuaa/PIG, /workspace/PIG. The strict validity gate remains closed.",3.0,1.0,19925,0.03917455236806974,0.02040816326530612,0.06837606837606838,0.13793103448275862,0.6333567909922591,19925,8
bl_step_crossing__ni_k3_r4,ni_k3_r4,fixed,,,71,bl_step_crossing,"unavailable: PIG v1.02 annotations are distributed by the official authors upon request; no checksum-verifiable unattended download is published. Searched: /tmp/pianovam-audit-260724.djnuaa/PIG, /workspace/PIG. The strict validity gate remains closed.",3.0,4.0,23216,0.04564498909797275,0.025510204081632654,0.08547008547008547,0.14084507042253522,0.6467375682667433,23216,10
bl_rate_q995__ni_k3_r4,ni_k3_r4,fixed,,,72,bl_rate_q995,"unavailable: PIG v1.02 annotations are distributed by the official authors upon request; no checksum-verifiable unattended download is published. Searched: /tmp/pianovam-audit-260724.djnuaa/PIG, /workspace/PIG. The strict validity gate remains closed.",3.0,4.0,24316,0.04780769964275954,0.02806122448979592,0.09401709401709402,0.1527777777777778,0.7015306122448981,24316,11
bl_rate_q975__ni_k3_r2,ni_k3_r2,fixed,,,74,bl_rate_q975,"unavailable: PIG v1.02 annotations are distributed by the official authors upon request; no checksum-verifiable unattended download is published. Searched: /tmp/pianovam-audit-260724.djnuaa/PIG, /workspace/PIG. The strict validity gate remains closed.",3.0,2.0,24806,0.04877108888543729,0.02806122448979592,0.09401709401709402,0.14864864864864866,0.6825703254274683,24806,11
bl_step_crossing__ni_k2_r1,ni_k2_r1,fixed,,,77,bl_step_crossing,"unavailable: PIG v1.02 annotations are distributed by the official authors upon request; no checksum-verifiable unattended download is published. Searched: /tmp/pianovam-audit-260724.djnuaa/PIG, /workspace/PIG. The strict validity gate remains closed.",2.0,1.0,25019,0.04918986829092782,0.02040816326530612,0.06837606837606838,0.1038961038961039,0.47707394646170165,25019,8
bl_rate_q990__ni_k3_r4,ni_k3_r4,fixed,,,80,bl_rate_q990,"unavailable: PIG v1.02 annotations are distributed by the official authors upon request; no checksum-verifiable unattended download is published. Searched: /tmp/pianovam-audit-260724.djnuaa/PIG, /workspace/PIG. The strict validity gate remains closed.",3.0,4.0,25826,0.05077651139060322,0.03316326530612245,0.1111111111111111,0.1625,0.7461734693877552,25826,13
bl_rate_q995__ni_k2_r1,ni_k2_r1,fixed,,,79,bl_rate_q995,"unavailable: PIG v1.02 annotations are distributed by the official authors upon request; no checksum-verifiable unattended download is published. Searched: /tmp/pianovam-audit-260724.djnuaa/PIG, /workspace/PIG. The strict validity gate remains closed.",2.0,1.0,26248,0.05160620579960324,0.02040816326530612,0.06837606837606838,0.10126582278481013,0.46499612503229143,26248,8
bl_rate_q990__ni_k2_r1,ni_k2_r1,fixed,,,87,bl_rate_q990,"unavailable: PIG v1.02 annotations are distributed by the official authors upon request; no checksum-verifiable unattended download is published. Searched: /tmp/pianovam-audit-260724.djnuaa/PIG, /workspace/PIG. The strict validity gate remains closed.",2.0,1.0,27794,0.0546457971652763,0.025510204081632654,0.08547008547008547,0.11494252873563218,0.5277973258268825,27794,10
bl_crossing__ni_k3_r4,ni_k3_r4,fixed,,,89,bl_crossing,"unavailable: PIG v1.02 annotations are distributed by the official authors upon request; no checksum-verifiable unattended download is published. Searched: /tmp/pianovam-audit-260724.djnuaa/PIG, /workspace/PIG. The strict validity gate remains closed.",3.0,4.0,28716,0.05645854182190668,0.03571428571428571,0.11965811965811966,0.15730337078651685,0.7223113964686999,28716,14
bl_crossing__ni_k2_r1,ni_k2_r1,fixed,,,95,bl_crossing,"unavailable: PIG v1.02 annotations are distributed by the official authors upon request; no checksum-verifiable unattended download is published. Searched: /tmp/pianovam-audit-260724.djnuaa/PIG, /workspace/PIG. The strict validity gate remains closed.",2.0,1.0,30453,0.059873658382174545,0.030612244897959183,0.10256410256410256,0.12631578947368421,0.5800214822771215,30453,12
bl_two_signal_strict__ni_k5_r1,ni_k5_r1,fixed,,,90,bl_two_signal_strict,"unavailable: PIG v1.02 annotations are distributed by the official authors upon request; no checksum-verifiable unattended download is published. Searched: /tmp/pianovam-audit-260724.djnuaa/PIG, /workspace/PIG. The strict validity gate remains closed.",5.0,1.0,31515,0.06196165710814142,0.04081632653061224,0.13675213675213677,0.17777777777777778,0.816326530612245,31515,16
bl_two_signal_strict__ni_k5_r2,ni_k5_r2,fixed,,,90,bl_two_signal_strict,"unavailable: PIG v1.02 annotations are distributed by the official authors upon request; no checksum-verifiable unattended download is published. Searched: /tmp/pianovam-audit-260724.djnuaa/PIG, /workspace/PIG. The strict validity gate remains closed.",5.0,2.0,32015,0.06294470735577179,0.04081632653061224,0.13675213675213677,0.17777777777777778,0.816326530612245,32015,16
bl_two_signal_strict__ni_k5_r4,ni_k5_r4,fixed,,,90,bl_two_signal_strict,"unavailable: PIG v1.02 annotations are distributed by the official authors upon request; no checksum-verifiable unattended download is published. Searched: /tmp/pianovam-audit-260724.djnuaa/PIG, /workspace/PIG. The strict validity gate remains closed.",5.0,4.0,32961,0.06480463842428842,0.04081632653061224,0.13675213675213677,0.17777777777777778,0.816326530612245,32961,16
bl_rate_q975__ni_k3_r4,ni_k3_r4,fixed,,,103,bl_rate_q975,"unavailable: PIG v1.02 annotations are distributed by the official authors upon request; no checksum-verifiable unattended download is published. Searched: /tmp/pianovam-audit-260724.djnuaa/PIG, /workspace/PIG. The strict validity gate remains closed.",3.0,4.0,33699,0.06625562058979083,0.03826530612244898,0.1282051282051282,0.14563106796116504,0.6687140875767783,33699,15
bl_two_signal_strict__ni_k3_r1,ni_k3_r1,fixed,,,104,bl_two_signal_strict,"unavailable: PIG v1.02 annotations are distributed by the official authors upon request; no checksum-verifiable unattended download is published. Searched: /tmp/pianovam-audit-260724.djnuaa/PIG, /workspace/PIG. The strict validity gate remains closed.",3.0,1.0,35656,0.07010327925901605,0.04336734693877551,0.1452991452991453,0.16346153846153846,0.7505886970172685,35656,17
bl_rate_q975__ni_k2_r1,ni_k2_r1,fixed,,,112,bl_rate_q975,"unavailable: PIG v1.02 annotations are distributed by the official authors upon request; no checksum-verifiable unattended download is published. Searched: /tmp/pianovam-audit-260724.djnuaa/PIG, /workspace/PIG. The strict validity gate remains closed.",2.0,1.0,35876,0.0705358213679734,0.030612244897959183,0.10256410256410256,0.10714285714285714,0.49198250728862974,35876,12
bl_practical_or_crossing__ni_k5_r1,ni_k5_r1,fixed,,,131,bl_practical_or_crossing,"unavailable: PIG v1.02 annotations are distributed by the official authors upon request; no checksum-verifiable unattended download is published. Searched: /tmp/pianovam-audit-260724.djnuaa/PIG, /workspace/PIG. The strict validity gate remains closed.",5.0,1.0,39866,0.07838056234406365,0.03316326530612245,0.1111111111111111,0.09923664122137404,0.4556784545879421,39866,13
bl_span_practical__ni_k5_r1,ni_k5_r1,fixed,,,131,bl_span_practical,"unavailable: PIG v1.02 annotations are distributed by the official authors upon request; no checksum-verifiable unattended download is published. Searched: /tmp/pianovam-audit-260724.djnuaa/PIG, /workspace/PIG. The strict validity gate remains closed.",5.0,1.0,39866,0.07838056234406365,0.03316326530612245,0.1111111111111111,0.09923664122137404,0.4556784545879421,39866,13
bl_two_signal_strict__ni_k3_r2,ni_k3_r2,fixed,,,119,bl_two_signal_strict,"unavailable: PIG v1.02 annotations are distributed by the official authors upon request; no checksum-verifiable unattended download is published. Searched: /tmp/pianovam-audit-260724.djnuaa/PIG, /workspace/PIG. The strict validity gate remains closed.",3.0,2.0,40149,0.07893696878422243,0.04846938775510204,0.1623931623931624,0.15966386554621848,0.7331504030183502,40149,19
bl_practical_or_crossing__ni_k5_r2,ni_k5_r2,fixed,,,131,bl_practical_or_crossing,"unavailable: PIG v1.02 annotations are distributed by the official authors upon request; no checksum-verifiable unattended download is published. Searched: /tmp/pianovam-audit-260724.djnuaa/PIG, /workspace/PIG. The strict validity gate remains closed.",5.0,2.0,40336,0.07930462957683619,0.03316326530612245,0.1111111111111111,0.09923664122137404,0.4556784545879421,40336,13
bl_span_practical__ni_k5_r2,ni_k5_r2,fixed,,,131,bl_span_practical,"unavailable: PIG v1.02 annotations are distributed by the official authors upon request; no checksum-verifiable unattended download is published. Searched: /tmp/pianovam-audit-260724.djnuaa/PIG, /workspace/PIG. The strict validity gate remains closed.",5.0,2.0,40336,0.07930462957683619,0.03316326530612245,0.1111111111111111,0.09923664122137404,0.4556784545879421,40336,13
bl_practical_or_crossing__ni_k5_r4,ni_k5_r4,fixed,,,131,bl_practical_or_crossing,"unavailable: PIG v1.02 annotations are distributed by the official authors upon request; no checksum-verifiable unattended download is published. Searched: /tmp/pianovam-audit-260724.djnuaa/PIG, /workspace/PIG. The strict validity gate remains closed.",5.0,4.0,41247,0.0810957471280187,0.03316326530612245,0.1111111111111111,0.09923664122137404,0.4556784545879421,41247,13
bl_span_practical__ni_k5_r4,ni_k5_r4,fixed,,,131,bl_span_practical,"unavailable: PIG v1.02 annotations are distributed by the official authors upon request; no checksum-verifiable unattended download is published. Searched: /tmp/pianovam-audit-260724.djnuaa/PIG, /workspace/PIG. The strict validity gate remains closed.",5.0,4.0,41247,0.0810957471280187,0.03316326530612245,0.1111111111111111,0.09923664122137404,0.4556784545879421,41247,13
bl_step_crossing__ni_k2_r2,ni_k2_r2,fixed,,,133,bl_step_crossing,"unavailable: PIG v1.02 annotations are distributed by the official authors upon request; no checksum-verifiable unattended download is published. Searched: /tmp/pianovam-audit-260724.djnuaa/PIG, /workspace/PIG. The strict validity gate remains closed.",2.0,2.0,43719,0.0859559475523032,0.03826530612244898,0.1282051282051282,0.11278195488721804,0.5178763234617155,43719,15
bl_practical_or_crossing__ni_k3_r1,ni_k3_r1,fixed,,,146,bl_practical_or_crossing,"unavailable: PIG v1.02 annotations are distributed by the official authors upon request; no checksum-verifiable unattended download is published. Searched: /tmp/pianovam-audit-260724.djnuaa/PIG, /workspace/PIG. The strict validity gate remains closed.",3.0,1.0,43832,0.08617811690826765,0.03571428571428571,0.11965811965811966,0.0958904109589041,0.44031311154598823,43832,14
bl_span_practical__ni_k3_r1,ni_k3_r1,fixed,,,146,bl_span_practical,"unavailable: PIG v1.02 annotations are distributed by the official authors upon request; no checksum-verifiable unattended download is published. Searched: /tmp/pianovam-audit-260724.djnuaa/PIG, /workspace/PIG. The strict validity gate remains closed.",3.0,1.0,43832,0.08617811690826765,0.03571428571428571,0.11965811965811966,0.0958904109589041,0.44031311154598823,43832,14
bl_practical_or_rate995__ni_k5_r1,ni_k5_r1,fixed,,,139,bl_practical_or_rate995,"unavailable: PIG v1.02 annotations are distributed by the official authors upon request; no checksum-verifiable unattended download is published. Searched: /tmp/pianovam-audit-260724.djnuaa/PIG, /workspace/PIG. The strict validity gate remains closed.",5.0,1.0,44593,0.08767431938516106,0.03826530612244898,0.1282051282051282,0.1079136690647482,0.4955219497871091,44593,15
bl_rate_q995__ni_k2_r2,ni_k2_r2,fixed,,,135,bl_rate_q995,"unavailable: PIG v1.02 annotations are distributed by the official authors upon request; no checksum-verifiable unattended download is published. Searched: /tmp/pianovam-audit-260724.djnuaa/PIG, /workspace/PIG. The strict validity gate remains closed.",2.0,2.0,44868,0.08821499702135775,0.03826530612244898,0.1282051282051282,0.1111111111111111,0.5102040816326531,44868,15
bl_practical_or_rate995__ni_k5_r2,ni_k5_r2,fixed,,,139,bl_practical_or_rate995,"unavailable: PIG v1.02 annotations are distributed by the official authors upon request; no checksum-verifiable unattended download is published. Searched: /tmp/pianovam-audit-260724.djnuaa/PIG, /workspace/PIG. The strict validity gate remains closed.",5.0,2.0,45058,0.08858855611545728,0.03826530612244898,0.1282051282051282,0.1079136690647482,0.4955219497871091,45058,15
bl_practical_or_rate995__ni_k5_r4,ni_k5_r4,fixed,,,139,bl_practical_or_rate995,"unavailable: PIG v1.02 annotations are distributed by the official authors upon request; no checksum-verifiable unattended download is published. Searched: /tmp/pianovam-audit-260724.djnuaa/PIG, /workspace/PIG. The strict validity gate remains closed.",5.0,4.0,45956,0.09035411436020141,0.03826530612244898,0.1282051282051282,0.1079136690647482,0.4955219497871091,45956,15
bl_rate_q990__ni_k2_r2,ni_k2_r2,fixed,,,143,bl_rate_q990,"unavailable: PIG v1.02 annotations are distributed by the official authors upon request; no checksum-verifiable unattended download is published. Searched: /tmp/pianovam-audit-260724.djnuaa/PIG, /workspace/PIG. The strict validity gate remains closed.",2.0,2.0,46320,0.09106977494047631,0.04336734693877551,0.1452991452991453,0.11888111888111888,0.5458826887398316,46320,17
bl_practical_or_crossing__ni_k3_r2,ni_k3_r2,fixed,,,161,bl_practical_or_crossing,"unavailable: PIG v1.02 annotations are distributed by the official authors upon request; no checksum-verifiable unattended download is published. Searched: /tmp/pianovam-audit-260724.djnuaa/PIG, /workspace/PIG. The strict validity gate remains closed.",3.0,2.0,48172,0.09471099305769914,0.04081632653061224,0.13675213675213677,0.09937888198757763,0.4563316009633667,48172,16
bl_span_practical__ni_k3_r2,ni_k3_r2,fixed,,,161,bl_span_practical,"unavailable: PIG v1.02 annotations are distributed by the official authors upon request; no checksum-verifiable unattended download is published. Searched: /tmp/pianovam-audit-260724.djnuaa/PIG, /workspace/PIG. The strict validity gate remains closed.",3.0,2.0,48172,0.09471099305769914,0.04081632653061224,0.13675213675213677,0.09937888198757763,0.4563316009633667,48172,16
bl_two_signal_strict__ni_k3_r4,ni_k3_r4,fixed,,,148,bl_two_signal_strict,"unavailable: PIG v1.02 annotations are distributed by the official authors upon request; no checksum-verifiable unattended download is published. Searched: /tmp/pianovam-audit-260724.djnuaa/PIG, /workspace/PIG. The strict validity gate remains closed.",3.0,4.0,48510,0.09537553502509727,0.058673469387755105,0.19658119658119658,0.1554054054054054,0.713596249310535,48510,23
bl_practical_or_rate995__ni_k3_r1,ni_k3_r1,fixed,,,154,bl_practical_or_rate995,"unavailable: PIG v1.02 annotations are distributed by the official authors upon request; no checksum-verifiable unattended download is published. Searched: /tmp/pianovam-audit-260724.djnuaa/PIG, /workspace/PIG. The strict validity gate remains closed.",3.0,1.0,48522,0.0953991282310404,0.04081632653061224,0.13675213675213677,0.1038961038961039,0.47707394646170165,48522,16
bl_crossing__ni_k2_r2,ni_k2_r2,fixed,,,151,bl_crossing,"unavailable: PIG v1.02 annotations are distributed by the official authors upon request; no checksum-verifiable unattended download is published. Searched: /tmp/pianovam-audit-260724.djnuaa/PIG, /workspace/PIG. The strict validity gate remains closed.",2.0,2.0,48744,0.09583560254098827,0.04846938775510204,0.1623931623931624,0.12582781456953643,0.5777807811866469,48744,19
bl_two_signal_strict__ni_k2_r1,ni_k2_r1,fixed,,,152,bl_two_signal_strict,"unavailable: PIG v1.02 annotations are distributed by the official authors upon request; no checksum-verifiable unattended download is published. Searched: /tmp/pianovam-audit-260724.djnuaa/PIG, /workspace/PIG. The strict validity gate remains closed.",2.0,1.0,49999,0.09830305866254048,0.05357142857142857,0.1794871794871795,0.13815789473684212,0.6343984962406016,49999,21
bl_practical_or_rate995__ni_k3_r2,ni_k3_r2,fixed,,,169,bl_practical_or_rate995,"unavailable: PIG v1.02 annotations are distributed by the official authors upon request; no checksum-verifiable unattended download is published. Searched: /tmp/pianovam-audit-260724.djnuaa/PIG, /workspace/PIG. The strict validity gate remains closed.",3.0,2.0,52797,0.10380420784827996,0.04591836734693878,0.15384615384615385,0.10650887573964497,0.48907136819224734,52797,18
bl_rate_q975__ni_k2_r2,ni_k2_r2,fixed,,,167,bl_rate_q975,"unavailable: PIG v1.02 annotations are distributed by the official authors upon request; no checksum-verifiable unattended download is published. Searched: /tmp/pianovam-audit-260724.djnuaa/PIG, /workspace/PIG. The strict validity gate remains closed.",2.0,2.0,53954,0.1060789861212966,0.04846938775510204,0.1623931623931624,0.11377245508982035,0.5224245386777465,53954,19
bl_practical_or_crossing__ni_k3_r4,ni_k3_r4,fixed,,,188,bl_practical_or_crossing,"unavailable: PIG v1.02 annotations are distributed by the official authors upon request; no checksum-verifiable unattended download is published. Searched: /tmp/pianovam-audit-260724.djnuaa/PIG, /workspace/PIG. The strict validity gate remains closed.",3.0,4.0,56320,0.11073077989308346,0.05102040816326531,0.17094017094017094,0.10638297872340426,0.4884932696482849,56320,20
bl_span_practical__ni_k3_r4,ni_k3_r4,fixed,,,188,bl_span_practical,"unavailable: PIG v1.02 annotations are distributed by the official authors upon request; no checksum-verifiable unattended download is published. Searched: /tmp/pianovam-audit-260724.djnuaa/PIG, /workspace/PIG. The strict validity gate remains closed.",3.0,4.0,56320,0.11073077989308346,0.05102040816326531,0.17094017094017094,0.10638297872340426,0.4884932696482849,56320,20
bl_practical_or_crossing__ni_k2_r1,ni_k2_r1,fixed,,,194,bl_practical_or_crossing,"unavailable: PIG v1.02 annotations are distributed by the official authors upon request; no checksum-verifiable unattended download is published. Searched: /tmp/pianovam-audit-260724.djnuaa/PIG, /workspace/PIG. The strict validity gate remains closed.",2.0,1.0,57632,0.1133103037428655,0.04591836734693878,0.15384615384615385,0.09278350515463918,0.4260467073427309,57632,18
bl_span_practical__ni_k2_r1,ni_k2_r1,fixed,,,194,bl_span_practical,"unavailable: PIG v1.02 annotations are distributed by the official authors upon request; no checksum-verifiable unattended download is published. Searched: /tmp/pianovam-audit-260724.djnuaa/PIG, /workspace/PIG. The strict validity gate remains closed.",2.0,1.0,57632,0.1133103037428655,0.04591836734693878,0.15384615384615385,0.09278350515463918,0.4260467073427309,57632,18
bl_practical_or_rate995__ni_k3_r4,ni_k3_r4,fixed,,,196,bl_practical_or_rate995,"unavailable: PIG v1.02 annotations are distributed by the official authors upon request; no checksum-verifiable unattended download is published. Searched: /tmp/pianovam-audit-260724.djnuaa/PIG, /workspace/PIG. The strict validity gate remains closed.",3.0,4.0,60798,0.11953497791086093,0.05612244897959184,0.18803418803418803,0.11224489795918367,0.5154102457309455,60798,22
bl_practical_or_rate995__ni_k2_r1,ni_k2_r1,fixed,,,202,bl_practical_or_rate995,"unavailable: PIG v1.02 annotations are distributed by the official authors upon request; no checksum-verifiable unattended download is published. Searched: /tmp/pianovam-audit-260724.djnuaa/PIG, /workspace/PIG. The strict validity gate remains closed.",2.0,1.0,62215,0.12232094231264537,0.05102040816326531,0.17094017094017094,0.09900990099009901,0.4546373004647404,62215,20
bl_two_signal_strict__ni_k2_r2,ni_k2_r2,fixed,,,202,bl_two_signal_strict,"unavailable: PIG v1.02 annotations are distributed by the official authors upon request; no checksum-verifiable unattended download is published. Searched: /tmp/pianovam-audit-260724.djnuaa/PIG, /workspace/PIG. The strict validity gate remains closed.",2.0,2.0,67000,0.1317287331824679,0.0663265306122449,0.2222222222222222,0.12871287128712872,0.5910284906041625,67000,26
bl_span_comfortable__ni_k5_r1,ni_k5_r1,fixed,,,233,bl_span_comfortable,"unavailable: PIG v1.02 annotations are distributed by the official authors upon request; no checksum-verifiable unattended download is published. Searched: /tmp/pianovam-audit-260724.djnuaa/PIG, /workspace/PIG. The strict validity gate remains closed.",5.0,1.0,69681,0.13699984861026188,0.05612244897959184,0.18803418803418803,0.0944206008583691,0.43356398353332753,69681,22
bl_span_comfortable__ni_k5_r2,ni_k5_r2,fixed,,,233,bl_span_comfortable,"unavailable: PIG v1.02 annotations are distributed by the official authors upon request; no checksum-verifiable unattended download is published. Searched: /tmp/pianovam-audit-260724.djnuaa/PIG, /workspace/PIG. The strict validity gate remains closed.",5.0,2.0,70113,0.1378492040242145,0.05612244897959184,0.18803418803418803,0.0944206008583691,0.43356398353332753,70113,22
bl_span_comfortable__ni_k5_r4,ni_k5_r4,fixed,,,233,bl_span_comfortable,"unavailable: PIG v1.02 annotations are distributed by the official authors upon request; no checksum-verifiable unattended download is published. Searched: /tmp/pianovam-audit-260724.djnuaa/PIG, /workspace/PIG. The strict validity gate remains closed.",5.0,4.0,70939,0.13947320303329985,0.05612244897959184,0.18803418803418803,0.0944206008583691,0.43356398353332753,70939,22
bl_span_comfortable__ni_k3_r1,ni_k3_r1,fixed,,,247,bl_span_comfortable,"unavailable: PIG v1.02 annotations are distributed by the official authors upon request; no checksum-verifiable unattended download is published. Searched: /tmp/pianovam-audit-260724.djnuaa/PIG, /workspace/PIG. The strict validity gate remains closed.",3.0,1.0,73246,0.14400899687586632,0.058673469387755105,0.19658119658119658,0.0931174089068826,0.4275799388581344,73246,23
bl_practical_or_crossing__ni_k2_r2,ni_k2_r2,fixed,,,243,bl_practical_or_crossing,"unavailable: PIG v1.02 annotations are distributed by the official authors upon request; no checksum-verifiable unattended download is published. Searched: /tmp/pianovam-audit-260724.djnuaa/PIG, /workspace/PIG. The strict validity gate remains closed.",2.0,2.0,74172,0.14582960593447775,0.061224489795918366,0.20512820512820512,0.09876543209876543,0.45351473922902497,74172,24
bl_span_practical__ni_k2_r2,ni_k2_r2,fixed,,,243,bl_span_practical,"unavailable: PIG v1.02 annotations are distributed by the official authors upon request; no checksum-verifiable unattended download is published. Searched: /tmp/pianovam-audit-260724.djnuaa/PIG, /workspace/PIG. The strict validity gate remains closed.",2.0,2.0,74172,0.14582960593447775,0.061224489795918366,0.20512820512820512,0.09876543209876543,0.45351473922902497,74172,24
bl_step_crossing__ni_k2_r4,ni_k2_r4,fixed,,,228,bl_step_crossing,"unavailable: PIG v1.02 annotations are distributed by the official authors upon request; no checksum-verifiable unattended download is published. Searched: /tmp/pianovam-audit-260724.djnuaa/PIG, /workspace/PIG. The strict validity gate remains closed.",2.0,4.0,75274,0.14799624868025504,0.05612244897959184,0.18803418803418803,0.09649122807017543,0.4430719656283566,75274,22
bl_rate_q995__ni_k2_r4,ni_k2_r4,fixed,,,231,bl_rate_q995,"unavailable: PIG v1.02 annotations are distributed by the official authors upon request; no checksum-verifiable unattended download is published. Searched: /tmp/pianovam-audit-260724.djnuaa/PIG, /workspace/PIG. The strict validity gate remains closed.",2.0,4.0,76243,0.14990140006016267,0.05612244897959184,0.18803418803418803,0.09523809523809523,0.43731778425655976,76243,22
bl_span_comfortable__ni_k3_r2,ni_k3_r2,fixed,,,261,bl_span_comfortable,"unavailable: PIG v1.02 annotations are distributed by the official authors upon request; no checksum-verifiable unattended download is published. Searched: /tmp/pianovam-audit-260724.djnuaa/PIG, /workspace/PIG. The strict validity gate remains closed.",3.0,2.0,77152,0.15168858541035465,0.06377551020408163,0.21367521367521367,0.09578544061302682,0.43983110485573546,77152,25
bl_rate_q990__ni_k2_r4,ni_k2_r4,fixed,,,237,bl_rate_q990,"unavailable: PIG v1.02 annotations are distributed by the official authors upon request; no checksum-verifiable unattended download is published. Searched: /tmp/pianovam-audit-260724.djnuaa/PIG, /workspace/PIG. The strict validity gate remains closed.",2.0,4.0,77544,0.15245929680449685,0.061224489795918366,0.20512820512820512,0.10126582278481013,0.46499612503229143,77544,24
bl_practical_or_rate995__ni_k2_r2,ni_k2_r2,fixed,,,250,bl_practical_or_rate995,"unavailable: PIG v1.02 annotations are distributed by the official authors upon request; no checksum-verifiable unattended download is published. Searched: /tmp/pianovam-audit-260724.djnuaa/PIG, /workspace/PIG. The strict validity gate remains closed.",2.0,2.0,78497,0.15433299057648034,0.06377551020408163,0.21367521367521367,0.1,0.4591836734693878,78497,25
bl_crossing__ni_k2_r4,ni_k2_r4,fixed,,,246,bl_crossing,"unavailable: PIG v1.02 annotations are distributed by the official authors upon request; no checksum-verifiable unattended download is published. Searched: /tmp/pianovam-audit-260724.djnuaa/PIG, /workspace/PIG. The strict validity gate remains closed.",2.0,4.0,79680,0.15665888746237375,0.0663265306122449,0.2222222222222222,0.10569105691056911,0.4853160776505725,79680,26
bl_rate_q975__ni_k2_r4,ni_k2_r4,fixed,,,259,bl_rate_q975,"unavailable: PIG v1.02 annotations are distributed by the official authors upon request; no checksum-verifiable unattended download is published. Searched: /tmp/pianovam-audit-260724.djnuaa/PIG, /workspace/PIG. The strict validity gate remains closed.",2.0,4.0,84414,0.16596640720693798,0.0663265306122449,0.2222222222222222,0.10038610038610038,0.460956583405563,84414,26
bl_span_comfortable__ni_k3_r4,ni_k3_r4,fixed,,,286,bl_span_comfortable,"unavailable: PIG v1.02 annotations are distributed by the official authors upon request; no checksum-verifiable unattended download is published. Searched: /tmp/pianovam-audit-260724.djnuaa/PIG, /workspace/PIG. The strict validity gate remains closed.",3.0,4.0,84448,0.16603325462377683,0.07397959183673469,0.24786324786324787,0.10139860139860139,0.4656058227486799,84448,29
bl_span_comfortable__ni_k2_r1,ni_k2_r1,fixed,,,292,bl_span_comfortable,"unavailable: PIG v1.02 annotations are distributed by the official authors upon request; no checksum-verifiable unattended download is published. Searched: /tmp/pianovam-audit-260724.djnuaa/PIG, /workspace/PIG. The strict validity gate remains closed.",2.0,1.0,85613,0.16832376170075558,0.0663265306122449,0.2222222222222222,0.08904109589041095,0.4088621750069891,85613,26
bl_two_signal_strict__ni_k2_r4,ni_k2_r4,fixed,,,289,bl_two_signal_strict,"unavailable: PIG v1.02 annotations are distributed by the official authors upon request; no checksum-verifiable unattended download is published. Searched: /tmp/pianovam-audit-260724.djnuaa/PIG, /workspace/PIG. The strict validity gate remains closed.",2.0,4.0,95958,0.18866307132422766,0.08163265306122448,0.27350427350427353,0.11072664359861592,0.5084386695854813,95958,32
bl_span_comfortable__ni_k2_r2,ni_k2_r2,fixed,,,338,bl_span_comfortable,"unavailable: PIG v1.02 annotations are distributed by the official authors upon request; no checksum-verifiable unattended download is published. Searched: /tmp/pianovam-audit-260724.djnuaa/PIG, /workspace/PIG. The strict validity gate remains closed.",2.0,2.0,100508,0.19760882857766393,0.08163265306122448,0.27350427350427353,0.09467455621301775,0.4347301050597754,100508,32
bl_practical_or_crossing__ni_k2_r4,ni_k2_r4,fixed,,,328,bl_practical_or_crossing,"unavailable: PIG v1.02 annotations are distributed by the official authors upon request; no checksum-verifiable unattended download is published. Searched: /tmp/pianovam-audit-260724.djnuaa/PIG, /workspace/PIG. The strict validity gate remains closed.",2.0,4.0,102481,0.2014879448548133,0.07653061224489796,0.2564102564102564,0.09146341463414634,0.41998506719761075,102481,30
bl_span_practical__ni_k2_r4,ni_k2_r4,fixed,,,328,bl_span_practical,"unavailable: PIG v1.02 annotations are distributed by the official authors upon request; no checksum-verifiable unattended download is published. Searched: /tmp/pianovam-audit-260724.djnuaa/PIG, /workspace/PIG. The strict validity gate remains closed.",2.0,4.0,102481,0.2014879448548133,0.07653061224489796,0.2564102564102564,0.09146341463414634,0.41998506719761075,102481,30
bl_practical_or_rate995__ni_k2_r4,ni_k2_r4,fixed,,,335,bl_practical_or_rate995,"unavailable: PIG v1.02 annotations are distributed by the official authors upon request; no checksum-verifiable unattended download is published. Searched: /tmp/pianovam-audit-260724.djnuaa/PIG, /workspace/PIG. The strict validity gate remains closed.",2.0,4.0,106337,0.20906922836453862,0.07908163265306123,0.26495726495726496,0.09253731343283582,0.42491623515077676,106337,31
bl_span_comfortable__ni_k2_r4,ni_k2_r4,fixed,,,415,bl_span_comfortable,"unavailable: PIG v1.02 annotations are distributed by the official authors upon request; no checksum-verifiable unattended download is published. Searched: /tmp/pianovam-audit-260724.djnuaa/PIG, /workspace/PIG. The strict validity gate remains closed.",2.0,4.0,125951,0.24763232347858227,0.09693877551020408,0.3247863247863248,0.09156626506024096,0.42045733956233095,125951,38
bl_span_relative__ni_k5_r1,ni_k5_r1,fixed,,,624,bl_span_relative,"unavailable: PIG v1.02 annotations are distributed by the official authors upon request; no checksum-verifiable unattended download is published. Searched: /tmp/pianovam-audit-260724.djnuaa/PIG, /workspace/PIG. The strict validity gate remains closed.",5.0,1.0,182990,0.3597767296277582,0.15306122448979592,0.5128205128205128,0.09615384615384616,0.4415227629513344,182990,60
bl_span_relative__ni_k5_r2,ni_k5_r2,fixed,,,624,bl_span_relative,"unavailable: PIG v1.02 annotations are distributed by the official authors upon request; no checksum-verifiable unattended download is published. Searched: /tmp/pianovam-audit-260724.djnuaa/PIG, /workspace/PIG. The strict validity gate remains closed.",5.0,2.0,183282,0.3603508309723743,0.15306122448979592,0.5128205128205128,0.09615384615384616,0.4415227629513344,183282,60
bl_span_relative__ni_k5_r4,ni_k5_r4,fixed,,,624,bl_span_relative,"unavailable: PIG v1.02 annotations are distributed by the official authors upon request; no checksum-verifiable unattended download is published. Searched: /tmp/pianovam-audit-260724.djnuaa/PIG, /workspace/PIG. The strict validity gate remains closed.",5.0,4.0,183817,0.3614026947373388,0.15306122448979592,0.5128205128205128,0.09615384615384616,0.4415227629513344,183817,60
bl_span_relative__ni_k3_r1,ni_k3_r1,fixed,,,631,bl_span_relative,"unavailable: PIG v1.02 annotations are distributed by the official authors upon request; no checksum-verifiable unattended download is published. Searched: /tmp/pianovam-audit-260724.djnuaa/PIG, /workspace/PIG. The strict validity gate remains closed.",3.0,1.0,185343,0.36440296409310663,0.1556122448979592,0.5213675213675214,0.09667194928684628,0.44390180794980433,185343,61
bl_span_relative__ni_k3_r2,ni_k3_r2,fixed,,,637,bl_span_relative,"unavailable: PIG v1.02 annotations are distributed by the official authors upon request; no checksum-verifiable unattended download is published. Searched: /tmp/pianovam-audit-260724.djnuaa/PIG, /workspace/PIG. The strict validity gate remains closed.",3.0,2.0,187847,0.3693260797332395,0.15816326530612246,0.5299145299145299,0.09733124018838304,0.44692916413033035,187847,62
bl_span_relative__ni_k3_r4,ni_k3_r4,fixed,,,653,bl_span_relative,"unavailable: PIG v1.02 annotations are distributed by the official authors upon request; no checksum-verifiable unattended download is published. Searched: /tmp/pianovam-audit-260724.djnuaa/PIG, /workspace/PIG. The strict validity gate remains closed.",3.0,4.0,192537,0.37854709105601225,0.16581632653061223,0.5555555555555556,0.0995405819295559,0.4570741006969404,192537,65
bl_span_relative__ni_k2_r1,ni_k2_r1,fixed,,,660,bl_span_relative,"unavailable: PIG v1.02 annotations are distributed by the official authors upon request; no checksum-verifiable unattended download is published. Searched: /tmp/pianovam-audit-260724.djnuaa/PIG, /workspace/PIG. The strict validity gate remains closed.",2.0,1.0,193540,0.38051908985275873,0.16071428571428573,0.5384615384615384,0.09545454545454546,0.4383116883116884,193540,63
bl_span_relative__ni_k2_r2,ni_k2_r2,fixed,,,688,bl_span_relative,"unavailable: PIG v1.02 annotations are distributed by the official authors upon request; no checksum-verifiable unattended download is published. Searched: /tmp/pianovam-audit-260724.djnuaa/PIG, /workspace/PIG. The strict validity gate remains closed.",2.0,2.0,203230,0.39957060365183505,0.17091836734693877,0.5726495726495726,0.09738372093023256,0.44717014712861897,203230,67
bl_span_relative__ni_k2_r4,ni_k2_r4,fixed,,,745,bl_span_relative,"unavailable: PIG v1.02 annotations are distributed by the official authors upon request; no checksum-verifiable unattended download is published. Searched: /tmp/pianovam-audit-260724.djnuaa/PIG, /workspace/PIG. The strict validity gate remains closed.",2.0,4.0,219727,0.4320053635221511,0.18112244897959184,0.6068376068376068,0.0953020134228188,0.4376112861251884,219727,71
bl_hmm_disagreement__ni_k5_r1,ni_k5_r1,fixed,,,1009,bl_hmm_disagreement,"unavailable: PIG v1.02 annotations are distributed by the official authors upon request; no checksum-verifiable unattended download is published. Searched: /tmp/pianovam-audit-260724.djnuaa/PIG, /workspace/PIG. The strict validity gate remains closed.",5.0,1.0,279738,0.5499930203432418,0.2423469387755102,0.811965811965812,0.09415262636273539,0.4323334884003156,279738,95
bl_hmm_disagreement__ni_k5_r2,ni_k5_r2,fixed,,,1009,bl_hmm_disagreement,"unavailable: PIG v1.02 annotations are distributed by the official authors upon request; no checksum-verifiable unattended download is published. Searched: /tmp/pianovam-audit-260724.djnuaa/PIG, /workspace/PIG. The strict validity gate remains closed.",5.0,2.0,279942,0.550394104844275,0.2423469387755102,0.811965811965812,0.09415262636273539,0.4323334884003156,279942,95
bl_hmm_disagreement__ni_k5_r4,ni_k5_r4,fixed,,,1009,bl_hmm_disagreement,"unavailable: PIG v1.02 annotations are distributed by the official authors upon request; no checksum-verifiable unattended download is published. Searched: /tmp/pianovam-audit-260724.djnuaa/PIG, /workspace/PIG. The strict validity gate remains closed.",5.0,4.0,280332,0.5511608840374267,0.2423469387755102,0.811965811965812,0.09415262636273539,0.4323334884003156,280332,95
bl_hmm_disagreement__ni_k3_r1,ni_k3_r1,fixed,,,1013,bl_hmm_disagreement,"unavailable: PIG v1.02 annotations are distributed by the official authors upon request; no checksum-verifiable unattended download is published. Searched: /tmp/pianovam-audit-260724.djnuaa/PIG, /workspace/PIG. The strict validity gate remains closed.",3.0,1.0,281415,0.5532901708737941,0.2423469387755102,0.811965811965812,0.09378084896347483,0.430626347281262,281415,95
bl_hmm_disagreement__ni_k3_r2,ni_k3_r2,fixed,,,1019,bl_hmm_disagreement,"unavailable: PIG v1.02 annotations are distributed by the official authors upon request; no checksum-verifiable unattended download is published. Searched: /tmp/pianovam-audit-260724.djnuaa/PIG, /workspace/PIG. The strict validity gate remains closed.",3.0,2.0,283269,0.5569353211920074,0.24744897959183673,0.8290598290598291,0.09519136408243375,0.4371032024193387,283269,97
bl_hmm_disagreement__ni_k3_r4,ni_k3_r4,fixed,,,1025,bl_hmm_disagreement,"unavailable: PIG v1.02 annotations are distributed by the official authors upon request; no checksum-verifiable unattended download is published. Searched: /tmp/pianovam-audit-260724.djnuaa/PIG, /workspace/PIG. The strict validity gate remains closed.",3.0,4.0,286666,0.563614164574408,0.24744897959183673,0.8290598290598291,0.09463414634146342,0.43454454952712795,286666,97
bl_hmm_disagreement__ni_k2_r1,ni_k2_r1,fixed,,,1033,bl_hmm_disagreement,"unavailable: PIG v1.02 annotations are distributed by the official authors upon request; no checksum-verifiable unattended download is published. Searched: /tmp/pianovam-audit-260724.djnuaa/PIG, /workspace/PIG. The strict validity gate remains closed.",2.0,1.0,287117,0.5645008758977706,0.24489795918367346,0.8205128205128205,0.09293320425943853,0.4267341011912994,287117,96
bl_hmm_disagreement__ni_k2_r2,ni_k2_r2,fixed,,,1045,bl_hmm_disagreement,"unavailable: PIG v1.02 annotations are distributed by the official authors upon request; no checksum-verifiable unattended download is published. Searched: /tmp/pianovam-audit-260724.djnuaa/PIG, /workspace/PIG. The strict validity gate remains closed.",2.0,2.0,293994,0.5780217490036785,0.25,0.8376068376068376,0.0937799043062201,0.4306220095693781,293994,98
bl_hmm_disagreement__ni_k2_r4,ni_k2_r4,fixed,,,1071,bl_hmm_disagreement,"unavailable: PIG v1.02 annotations are distributed by the official authors upon request; no checksum-verifiable unattended download is published. Searched: /tmp/pianovam-audit-260724.djnuaa/PIG, /workspace/PIG. The strict validity gate remains closed.",2.0,4.0,305593,0.6008265486482076,0.25,0.8376068376068376,0.0915032679738562,0.42016806722689076,305593,98
hy_direct_plus_corroborated__ni_k5_r1,ni_k5_r1,fixed,,,139,hy_direct_plus_corroborated,"unavailable: PIG v1.02 annotations are distributed by the official authors upon request; no checksum-verifiable unattended download is published. Searched: /tmp/pianovam-audit-260724.djnuaa/PIG, /workspace/PIG. The strict validity gate remains closed.",5.0,1.0,42349,0.08326238987379601,0.04081632653061224,0.13675213675213677,0.11510791366906475,0.5285567464395831,42349,16
hy_direct_plus_corroborated__ni_k5_r2,ni_k5_r2,fixed,,,139,hy_direct_plus_corroborated,"unavailable: PIG v1.02 annotations are distributed by the official authors upon request; no checksum-verifiable unattended download is published. Searched: /tmp/pianovam-audit-260724.djnuaa/PIG, /workspace/PIG. The strict validity gate remains closed.",5.0,2.0,42818,0.08418449100607328,0.04081632653061224,0.13675213675213677,0.11510791366906475,0.5285567464395831,42818,16
hy_direct_plus_corroborated__ni_k5_r4,ni_k5_r4,fixed,,,139,hy_direct_plus_corroborated,"unavailable: PIG v1.02 annotations are distributed by the official authors upon request; no checksum-verifiable unattended download is published. Searched: /tmp/pianovam-audit-260724.djnuaa/PIG, /workspace/PIG. The strict validity gate remains closed.",5.0,4.0,43721,0.08595987975329371,0.04081632653061224,0.13675213675213677,0.11510791366906475,0.5285567464395831,43721,16
hy_direct_plus_corroborated__ni_k3_r1,ni_k3_r1,fixed,,,153,hy_direct_plus_corroborated,"unavailable: PIG v1.02 annotations are distributed by the official authors upon request; no checksum-verifiable unattended download is published. Searched: /tmp/pianovam-audit-260724.djnuaa/PIG, /workspace/PIG. The strict validity gate remains closed.",3.0,1.0,46292,0.091014724126609,0.04336734693877551,0.1452991452991453,0.1111111111111111,0.5102040816326531,46292,17
hy_two_of_three_families__ni_k5_r1,ni_k5_r1,fixed,,,169,hy_two_of_three_families,"unavailable: PIG v1.02 annotations are distributed by the official authors upon request; no checksum-verifiable unattended download is published. Searched: /tmp/pianovam-audit-260724.djnuaa/PIG, /workspace/PIG. The strict validity gate remains closed.",5.0,1.0,50181,0.09866088895267792,0.061224489795918366,0.20512820512820512,0.14201183431952663,0.6520951575896632,50181,24
hy_direct_plus_corroborated__ni_k3_r2,ni_k3_r2,fixed,,,168,hy_direct_plus_corroborated,"unavailable: PIG v1.02 annotations are distributed by the official authors upon request; no checksum-verifiable unattended download is published. Searched: /tmp/pianovam-audit-260724.djnuaa/PIG, /workspace/PIG. The strict validity gate remains closed.",3.0,2.0,50601,0.09948665116068743,0.04846938775510204,0.1623931623931624,0.1130952380952381,0.5193148688046647,50601,19
hy_two_of_three_families__ni_k5_r2,ni_k5_r2,fixed,,,169,hy_two_of_three_families,"unavailable: PIG v1.02 annotations are distributed by the official authors upon request; no checksum-verifiable unattended download is published. Searched: /tmp/pianovam-audit-260724.djnuaa/PIG, /workspace/PIG. The strict validity gate remains closed.",5.0,2.0,50660,0.0996026510899078,0.061224489795918366,0.20512820512820512,0.14201183431952663,0.6520951575896632,50660,24
hy_two_of_three_families__ni_k5_r4,ni_k5_r4,fixed,,,169,hy_two_of_three_families,"unavailable: PIG v1.02 annotations are distributed by the official authors upon request; no checksum-verifiable unattended download is published. Searched: /tmp/pianovam-audit-260724.djnuaa/PIG, /workspace/PIG. The strict validity gate remains closed.",5.0,4.0,51559,0.10137017543514719,0.061224489795918366,0.20512820512820512,0.14201183431952663,0.6520951575896632,51559,24
hy_two_of_three_families__ni_k3_r1,ni_k3_r1,fixed,,,182,hy_two_of_three_families,"unavailable: PIG v1.02 annotations are distributed by the official authors upon request; no checksum-verifiable unattended download is published. Searched: /tmp/pianovam-audit-260724.djnuaa/PIG, /workspace/PIG. The strict validity gate remains closed.",3.0,1.0,54100,0.10636603679360467,0.06377551020408163,0.21367521367521367,0.13736263736263737,0.6307468042161921,54100,25
hy_two_of_three_families__ni_k3_r2,ni_k3_r2,fixed,,,196,hy_two_of_three_families,"unavailable: PIG v1.02 annotations are distributed by the official authors upon request; no checksum-verifiable unattended download is published. Searched: /tmp/pianovam-audit-260724.djnuaa/PIG, /workspace/PIG. The strict validity gate remains closed.",3.0,2.0,58314,0.11465118428063333,0.06887755102040816,0.23076923076923078,0.1377551020408163,0.6325489379425239,58314,27
hy_direct_plus_corroborated__ni_k3_r4,ni_k3_r4,fixed,,,195,hy_direct_plus_corroborated,"unavailable: PIG v1.02 annotations are distributed by the official authors upon request; no checksum-verifiable unattended download is published. Searched: /tmp/pianovam-audit-260724.djnuaa/PIG, /workspace/PIG. The strict validity gate remains closed.",3.0,4.0,58666,0.11534325165496509,0.058673469387755105,0.19658119658119658,0.11794871794871795,0.5416012558869702,58666,23
hy_direct_plus_corroborated__ni_k2_r1,ni_k2_r1,fixed,,,201,hy_direct_plus_corroborated,"unavailable: PIG v1.02 annotations are distributed by the official authors upon request; no checksum-verifiable unattended download is published. Searched: /tmp/pianovam-audit-260724.djnuaa/PIG, /workspace/PIG. The strict validity gate remains closed.",2.0,1.0,60032,0.11802894493149123,0.05357142857142857,0.1794871794871795,0.1044776119402985,0.47974413646055436,60032,21
hy_hierarchical__ni_k5_r1,ni_k5_r1,fixed,,,222,hy_hierarchical,"unavailable: PIG v1.02 annotations are distributed by the official authors upon request; no checksum-verifiable unattended download is published. Searched: /tmp/pianovam-audit-260724.djnuaa/PIG, /workspace/PIG. The strict validity gate remains closed.",5.0,1.0,62614,0.1231054164102544,0.058673469387755105,0.19658119658119658,0.1036036036036036,0.47573083287369,62614,23
hy_hierarchical__ni_k5_r2,ni_k5_r2,fixed,,,222,hy_hierarchical,"unavailable: PIG v1.02 annotations are distributed by the official authors upon request; no checksum-verifiable unattended download is published. Searched: /tmp/pianovam-audit-260724.djnuaa/PIG, /workspace/PIG. The strict validity gate remains closed.",5.0,2.0,63058,0.12397836503015015,0.058673469387755105,0.19658119658119658,0.1036036036036036,0.47573083287369,63058,23
hy_hierarchical__ni_k5_r4,ni_k5_r4,fixed,,,222,hy_hierarchical,"unavailable: PIG v1.02 annotations are distributed by the official authors upon request; no checksum-verifiable unattended download is published. Searched: /tmp/pianovam-audit-260724.djnuaa/PIG, /workspace/PIG. The strict validity gate remains closed.",5.0,4.0,63902,0.1256377538481502,0.058673469387755105,0.19658119658119658,0.1036036036036036,0.47573083287369,63902,23
hy_two_of_three_families__ni_k3_r4,ni_k3_r4,fixed,,,223,hy_two_of_three_families,"unavailable: PIG v1.02 annotations are distributed by the official authors upon request; no checksum-verifiable unattended download is published. Searched: /tmp/pianovam-audit-260724.djnuaa/PIG, /workspace/PIG. The strict validity gate remains closed.",3.0,4.0,66137,0.1300319884550579,0.07908163265306123,0.26495726495726496,0.13901345291479822,0.6383270797108082,66137,31
hy_hierarchical__ni_k3_r1,ni_k3_r1,fixed,,,235,hy_hierarchical,"unavailable: PIG v1.02 annotations are distributed by the official authors upon request; no checksum-verifiable unattended download is published. Searched: /tmp/pianovam-audit-260724.djnuaa/PIG, /workspace/PIG. The strict validity gate remains closed.",3.0,1.0,66287,0.130326903529347,0.061224489795918366,0.20512820512820512,0.10212765957446808,0.46895353886235347,66287,24
hy_two_of_three_families__ni_k2_r1,ni_k2_r1,fixed,,,229,hy_two_of_three_families,"unavailable: PIG v1.02 annotations are distributed by the official authors upon request; no checksum-verifiable unattended download is published. Searched: /tmp/pianovam-audit-260724.djnuaa/PIG, /workspace/PIG. The strict validity gate remains closed.",2.0,1.0,67620,0.13294771548952952,0.07142857142857142,0.23931623931623933,0.1222707423580786,0.561447286338116,67620,28
hy_hierarchical__ni_k3_r2,ni_k3_r2,fixed,,,249,hy_hierarchical,"unavailable: PIG v1.02 annotations are distributed by the official authors upon request; no checksum-verifiable unattended download is published. Searched: /tmp/pianovam-audit-260724.djnuaa/PIG, /workspace/PIG. The strict validity gate remains closed.",3.0,2.0,70289,0.13819523771138037,0.0663265306122449,0.2222222222222222,0.10441767068273092,0.47946889599213177,70289,26
hy_direct_plus_corroborated__ni_k2_r2,ni_k2_r2,fixed,,,249,hy_direct_plus_corroborated,"unavailable: PIG v1.02 annotations are distributed by the official authors upon request; no checksum-verifiable unattended download is published. Searched: /tmp/pianovam-audit-260724.djnuaa/PIG, /workspace/PIG. The strict validity gate remains closed.",2.0,2.0,76442,0.15029265405871955,0.0663265306122449,0.2222222222222222,0.10441767068273092,0.47946889599213177,76442,26
hy_hierarchical__ni_k3_r4,ni_k3_r4,fixed,,,274,hy_hierarchical,"unavailable: PIG v1.02 annotations are distributed by the official authors upon request; no checksum-verifiable unattended download is published. Searched: /tmp/pianovam-audit-260724.djnuaa/PIG, /workspace/PIG. The strict validity gate remains closed.",3.0,4.0,77773,0.15290953381791156,0.07653061224489796,0.2564102564102564,0.10948905109489052,0.5027558468642932,77773,30
hy_hierarchical__ni_k2_r1,ni_k2_r1,fixed,,,281,hy_hierarchical,"unavailable: PIG v1.02 annotations are distributed by the official authors upon request; no checksum-verifiable unattended download is published. Searched: /tmp/pianovam-audit-260724.djnuaa/PIG, /workspace/PIG. The strict validity gate remains closed.",2.0,1.0,79082,0.15548315936620785,0.06887755102040816,0.23076923076923078,0.09608540925266904,0.4412085118745007,79082,27
hy_two_of_three_families__ni_k2_r2,ni_k2_r2,fixed,,,276,hy_two_of_three_families,"unavailable: PIG v1.02 annotations are distributed by the official authors upon request; no checksum-verifiable unattended download is published. Searched: /tmp/pianovam-audit-260724.djnuaa/PIG, /workspace/PIG. The strict validity gate remains closed.",2.0,2.0,83552,0.16427162858002323,0.08418367346938775,0.28205128205128205,0.11956521739130435,0.5490239574090506,83552,33
hy_hierarchical__ni_k2_r2,ni_k2_r2,fixed,,,326,hy_hierarchical,"unavailable: PIG v1.02 annotations are distributed by the official authors upon request; no checksum-verifiable unattended download is published. Searched: /tmp/pianovam-audit-260724.djnuaa/PIG, /workspace/PIG. The strict validity gate remains closed.",2.0,2.0,94339,0.18547995462240058,0.08163265306122448,0.27350427350427353,0.09815950920245399,0.45073244021534997,94339,32
hy_direct_plus_corroborated__ni_k2_r4,ni_k2_r4,fixed,,,333,hy_direct_plus_corroborated,"unavailable: PIG v1.02 annotations are distributed by the official authors upon request; no checksum-verifiable unattended download is published. Searched: /tmp/pianovam-audit-260724.djnuaa/PIG, /workspace/PIG. The strict validity gate remains closed.",2.0,4.0,104504,0.20546536615672573,0.08163265306122448,0.27350427350427353,0.0960960960960961,0.441257584114727,104504,32
hy_two_of_three_families__ni_k2_r4,ni_k2_r4,fixed,,,356,hy_two_of_three_families,"unavailable: PIG v1.02 annotations are distributed by the official authors upon request; no checksum-verifiable unattended download is published. Searched: /tmp/pianovam-audit-260724.djnuaa/PIG, /workspace/PIG. The strict validity gate remains closed.",2.0,4.0,110739,0.2177240027446763,0.09948979591836735,0.3333333333333333,0.10955056179775281,0.5030382939692731,110739,39
hy_hierarchical__ni_k2_r4,ni_k2_r4,fixed,,,403,hy_hierarchical,"unavailable: PIG v1.02 annotations are distributed by the official authors upon request; no checksum-verifiable unattended download is published. Searched: /tmp/pianovam-audit-260724.djnuaa/PIG, /workspace/PIG. The strict validity gate remains closed.",2.0,4.0,120468,0.2368521944630678,0.09693877551020408,0.3247863247863248,0.09429280397022333,0.4329771610877602,120468,38
mandatory_missing__ni_k5_r1,ni_k5_r1,fixed,,,0,mandatory_missing,"unavailable: PIG v1.02 annotations are distributed by the official authors upon request; no checksum-verifiable unattended download is published. Searched: /tmp/pianovam-audit-260724.djnuaa/PIG, /workspace/PIG. The strict validity gate remains closed.",5.0,1.0,580,0.0011403382872512146,0.0,0.0,,,580,0
mandatory_missing__ni_k5_r2,ni_k5_r2,fixed,,,0,mandatory_missing,"unavailable: PIG v1.02 annotations are distributed by the official authors upon request; no checksum-verifiable unattended download is published. Searched: /tmp/pianovam-audit-260724.djnuaa/PIG, /workspace/PIG. The strict validity gate remains closed.",5.0,2.0,1149,0.002259049469054561,0.0,0.0,,,1149,0
mandatory_missing__ni_k5_r4,ni_k5_r4,fixed,,,0,mandatory_missing,"unavailable: PIG v1.02 annotations are distributed by the official authors upon request; no checksum-verifiable unattended download is published. Searched: /tmp/pianovam-audit-260724.djnuaa/PIG, /workspace/PIG. The strict validity gate remains closed.",5.0,4.0,2247,0.004417827812850826,0.0,0.0,,,2247,0
mandatory_missing__ni_k3_r1,ni_k3_r1,fixed,,,17,mandatory_missing,"unavailable: PIG v1.02 annotations are distributed by the official authors upon request; no checksum-verifiable unattended download is published. Searched: /tmp/pianovam-audit-260724.djnuaa/PIG, /workspace/PIG. The strict validity gate remains closed.",3.0,1.0,5397,0.010611044372922077,0.00510204081632653,0.017094017094017096,0.11764705882352941,0.5402160864345739,5397,2
mandatory_missing__ni_k3_r2,ni_k3_r2,fixed,,,33,mandatory_missing,"unavailable: PIG v1.02 annotations are distributed by the official authors upon request; no checksum-verifiable unattended download is published. Searched: /tmp/pianovam-audit-260724.djnuaa/PIG, /workspace/PIG. The strict validity gate remains closed.",3.0,2.0,10476,0.020596868788351246,0.012755102040816327,0.042735042735042736,0.15151515151515152,0.6957328385899815,10476,5
mandatory_missing__ni_k3_r4,ni_k3_r4,fixed,,,64,mandatory_missing,"unavailable: PIG v1.02 annotations are distributed by the official authors upon request; no checksum-verifiable unattended download is published. Searched: /tmp/pianovam-audit-260724.djnuaa/PIG, /workspace/PIG. The strict validity gate remains closed.",3.0,4.0,19824,0.03897597621804841,0.02295918367346939,0.07692307692307693,0.140625,0.6457270408163266,19824,9
mandatory_missing__ni_k2_r1,ni_k2_r1,fixed,,,71,mandatory_missing,"unavailable: PIG v1.02 annotations are distributed by the official authors upon request; no checksum-verifiable unattended download is published. Searched: /tmp/pianovam-audit-260724.djnuaa/PIG, /workspace/PIG. The strict validity gate remains closed.",2.0,1.0,21651,0.042568041822889736,0.015306122448979591,0.05128205128205128,0.08450704225352113,0.38804254096004603,21651,6
mandatory_missing__ni_k2_r2,ni_k2_r2,fixed,,,128,mandatory_missing,"unavailable: PIG v1.02 annotations are distributed by the official authors upon request; no checksum-verifiable unattended download is published. Searched: /tmp/pianovam-audit-260724.djnuaa/PIG, /workspace/PIG. The strict validity gate remains closed.",2.0,2.0,40529,0.0796840869724215,0.03571428571428571,0.11965811965811966,0.109375,0.5022321428571429,40529,14
mandatory_missing__ni_k2_r4,ni_k2_r4,fixed,,,224,mandatory_missing,"unavailable: PIG v1.02 annotations are distributed by the official authors upon request; no checksum-verifiable unattended download is published. Searched: /tmp/pianovam-audit-260724.djnuaa/PIG, /workspace/PIG. The strict validity gate remains closed.",2.0,4.0,72373,0.1422925911435037,0.05357142857142857,0.1794871794871795,0.09375,0.43048469387755106,72373,21
ni_k5_r1,ni_k5_r1,fixed,,,0,,"unavailable: PIG v1.02 annotations are distributed by the official authors upon request; no checksum-verifiable unattended download is published. Searched: /tmp/pianovam-audit-260724.djnuaa/PIG, /workspace/PIG. The strict validity gate remains closed.",5.0,1.0,580,0.0011403382872512146,0.0,0.0,,,580,0
ni_w5_q990,ni_w5_q990,training_fold,5.0,0.99,10,,"unavailable: PIG v1.02 annotations are distributed by the official authors upon request; no checksum-verifiable unattended download is published. Searched: /tmp/pianovam-audit-260724.djnuaa/PIG, /workspace/PIG. The strict validity gate remains closed.",,,785,0.0015433888887796611,0.0,0.0,0.0,0.0,785,0
ni_w5_q995,ni_w5_q995,training_fold,5.0,0.995,3,,"unavailable: PIG v1.02 annotations are distributed by the official authors upon request; no checksum-verifiable unattended download is published. Searched: /tmp/pianovam-audit-260724.djnuaa/PIG, /workspace/PIG. The strict validity gate remains closed.",,,785,0.0015433888887796611,0.0,0.0,0.0,0.0,785,0
ni_w17_q995,ni_w17_q995,training_fold,17.0,0.995,17,,"unavailable: PIG v1.02 annotations are distributed by the official authors upon request; no checksum-verifiable unattended download is published. Searched: /tmp/pianovam-audit-260724.djnuaa/PIG, /workspace/PIG. The strict validity gate remains closed.",,,1004,0.001973964897241758,0.002551020408163265,0.008547008547008548,0.058823529411764705,0.27010804321728693,1004,1
ni_w9_q995,ni_w9_q995,training_fold,9.0,0.995,8,,"unavailable: PIG v1.02 annotations are distributed by the official authors upon request; no checksum-verifiable unattended download is published. Searched: /tmp/pianovam-audit-260724.djnuaa/PIG, /workspace/PIG. The strict validity gate remains closed.",,,1094,0.002150913941815222,0.0,0.0,0.0,0.0,1094,0
ni_k5_r2,ni_k5_r2,fixed,,,0,,"unavailable: PIG v1.02 annotations are distributed by the official authors upon request; no checksum-verifiable unattended download is published. Searched: /tmp/pianovam-audit-260724.djnuaa/PIG, /workspace/PIG. The strict validity gate remains closed.",5.0,2.0,1149,0.002259049469054561,0.0,0.0,,,1149,0
ni_k5_r4,ni_k5_r4,fixed,,,0,,"unavailable: PIG v1.02 annotations are distributed by the official authors upon request; no checksum-verifiable unattended download is published. Searched: /tmp/pianovam-audit-260724.djnuaa/PIG, /workspace/PIG. The strict validity gate remains closed.",5.0,4.0,2247,0.004417827812850826,0.0,0.0,,,2247,0
ni_w17_q990,ni_w17_q990,training_fold,17.0,0.99,19,,"unavailable: PIG v1.02 annotations are distributed by the official authors upon request; no checksum-verifiable unattended download is published. Searched: /tmp/pianovam-audit-260724.djnuaa/PIG, /workspace/PIG. The strict validity gate remains closed.",,,2496,0.004907386836170744,0.002551020408163265,0.008547008547008548,0.05263157894736842,0.24167561761546724,2496,1
ni_w9_q975,ni_w9_q975,training_fold,9.0,0.975,43,,"unavailable: PIG v1.02 annotations are distributed by the official authors upon request; no checksum-verifiable unattended download is published. Searched: /tmp/pianovam-audit-260724.djnuaa/PIG, /workspace/PIG. The strict validity gate remains closed.",,,5060,0.009948468506019216,0.01020408163265306,0.03418803418803419,0.09302325581395349,0.42714760322733747,5060,4
ni_w9_q990,ni_w9_q990,training_fold,9.0,0.99,23,,"unavailable: PIG v1.02 annotations are distributed by the official authors upon request; no checksum-verifiable unattended download is published. Searched: /tmp/pianovam-audit-260724.djnuaa/PIG, /workspace/PIG. The strict validity gate remains closed.",,,5060,0.009948468506019216,0.002551020408163265,0.008547008547008548,0.043478260869565216,0.19964507542147295,5060,1
ni_k3_r1,ni_k3_r1,fixed,,,17,,"unavailable: PIG v1.02 annotations are distributed by the official authors upon request; no checksum-verifiable unattended download is published. Searched: /tmp/pianovam-audit-260724.djnuaa/PIG, /workspace/PIG. The strict validity gate remains closed.",3.0,1.0,5397,0.010611044372922077,0.00510204081632653,0.017094017094017096,0.11764705882352941,0.5402160864345739,5397,2
ni_w17_q975,ni_w17_q975,training_fold,17.0,0.975,30,,"unavailable: PIG v1.02 annotations are distributed by the official authors upon request; no checksum-verifiable unattended download is published. Searched: /tmp/pianovam-audit-260724.djnuaa/PIG, /workspace/PIG. The strict validity gate remains closed.",,,6006,0.011808399574535854,0.002551020408163265,0.008547008547008548,0.03333333333333333,0.15306122448979592,6006,1
ni_w5_q975,ni_w5_q975,training_fold,5.0,0.975,33,,"unavailable: PIG v1.02 annotations are distributed by the official authors upon request; no checksum-verifiable unattended download is published. Searched: /tmp/pianovam-audit-260724.djnuaa/PIG, /workspace/PIG. The strict validity gate remains closed.",,,8627,0.016961548972614187,0.012755102040816327,0.042735042735042736,0.15151515151515152,0.6957328385899815,8627,5
ni_k3_r2,ni_k3_r2,fixed,,,33,,"unavailable: PIG v1.02 annotations are distributed by the official authors upon request; no checksum-verifiable unattended download is published. Searched: /tmp/pianovam-audit-260724.djnuaa/PIG, /workspace/PIG. The strict validity gate remains closed.",3.0,2.0,10476,0.020596868788351246,0.012755102040816327,0.042735042735042736,0.15151515151515152,0.6957328385899815,10476,5
ni_k3_r4,ni_k3_r4,fixed,,,64,,"unavailable: PIG v1.02 annotations are distributed by the official authors upon request; no checksum-verifiable unattended download is published. Searched: /tmp/pianovam-audit-260724.djnuaa/PIG, /workspace/PIG. The strict validity gate remains closed.",3.0,4.0,19824,0.03897597621804841,0.02295918367346939,0.07692307692307693,0.140625,0.6457270408163266,19824,9
ni_k2_r1,ni_k2_r1,fixed,,,71,,"unavailable: PIG v1.02 annotations are distributed by the official authors upon request; no checksum-verifiable unattended download is published. Searched: /tmp/pianovam-audit-260724.djnuaa/PIG, /workspace/PIG. The strict validity gate remains closed.",2.0,1.0,21651,0.042568041822889736,0.015306122448979591,0.05128205128205128,0.08450704225352113,0.38804254096004603,21651,6
ni_k2_r2,ni_k2_r2,fixed,,,128,,"unavailable: PIG v1.02 annotations are distributed by the official authors upon request; no checksum-verifiable unattended download is published. Searched: /tmp/pianovam-audit-260724.djnuaa/PIG, /workspace/PIG. The strict validity gate remains closed.",2.0,2.0,40529,0.0796840869724215,0.03571428571428571,0.11965811965811966,0.109375,0.5022321428571429,40529,14
ni_k2_r4,ni_k2_r4,fixed,,,224,,"unavailable: PIG v1.02 annotations are distributed by the official authors upon request; no checksum-verifiable unattended download is published. Searched: /tmp/pianovam-audit-260724.djnuaa/PIG, /workspace/PIG. The strict validity gate remains closed.",2.0,4.0,72373,0.1422925911435037,0.05357142857142857,0.1794871794871795,0.09375,0.43048469387755106,72373,21
wl_model_agreement__ni_k5_r1,ni_k5_r1,fixed,,,1009,wl_model_agreement,"unavailable: PIG v1.02 annotations are distributed by the official authors upon request; no checksum-verifiable unattended download is published. Searched: /tmp/pianovam-audit-260724.djnuaa/PIG, /workspace/PIG. The strict validity gate remains closed.",5.0,1.0,279738,0.5499930203432418,0.2423469387755102,0.811965811965812,0.09415262636273539,0.4323334884003156,279738,95
wl_model_agreement__ni_k5_r2,ni_k5_r2,fixed,,,1009,wl_model_agreement,"unavailable: PIG v1.02 annotations are distributed by the official authors upon request; no checksum-verifiable unattended download is published. Searched: /tmp/pianovam-audit-260724.djnuaa/PIG, /workspace/PIG. The strict validity gate remains closed.",5.0,2.0,279942,0.550394104844275,0.2423469387755102,0.811965811965812,0.09415262636273539,0.4323334884003156,279942,95
wl_model_agreement__ni_k5_r4,ni_k5_r4,fixed,,,1009,wl_model_agreement,"unavailable: PIG v1.02 annotations are distributed by the official authors upon request; no checksum-verifiable unattended download is published. Searched: /tmp/pianovam-audit-260724.djnuaa/PIG, /workspace/PIG. The strict validity gate remains closed.",5.0,4.0,280332,0.5511608840374267,0.2423469387755102,0.811965811965812,0.09415262636273539,0.4323334884003156,280332,95
wl_model_agreement__ni_k3_r1,ni_k3_r1,fixed,,,1013,wl_model_agreement,"unavailable: PIG v1.02 annotations are distributed by the official authors upon request; no checksum-verifiable unattended download is published. Searched: /tmp/pianovam-audit-260724.djnuaa/PIG, /workspace/PIG. The strict validity gate remains closed.",3.0,1.0,281415,0.5532901708737941,0.2423469387755102,0.811965811965812,0.09378084896347483,0.430626347281262,281415,95
wl_model_agreement__ni_k3_r2,ni_k3_r2,fixed,,,1019,wl_model_agreement,"unavailable: PIG v1.02 annotations are distributed by the official authors upon request; no checksum-verifiable unattended download is published. Searched: /tmp/pianovam-audit-260724.djnuaa/PIG, /workspace/PIG. The strict validity gate remains closed.",3.0,2.0,283269,0.5569353211920074,0.24744897959183673,0.8290598290598291,0.09519136408243375,0.4371032024193387,283269,97
wl_model_agreement__ni_k3_r4,ni_k3_r4,fixed,,,1025,wl_model_agreement,"unavailable: PIG v1.02 annotations are distributed by the official authors upon request; no checksum-verifiable unattended download is published. Searched: /tmp/pianovam-audit-260724.djnuaa/PIG, /workspace/PIG. The strict validity gate remains closed.",3.0,4.0,286666,0.563614164574408,0.24744897959183673,0.8290598290598291,0.09463414634146342,0.43454454952712795,286666,97
wl_model_agreement__ni_k2_r1,ni_k2_r1,fixed,,,1033,wl_model_agreement,"unavailable: PIG v1.02 annotations are distributed by the official authors upon request; no checksum-verifiable unattended download is published. Searched: /tmp/pianovam-audit-260724.djnuaa/PIG, /workspace/PIG. The strict validity gate remains closed.",2.0,1.0,287117,0.5645008758977706,0.24489795918367346,0.8205128205128205,0.09293320425943853,0.4267341011912994,287117,96
wl_model_agreement__ni_k2_r2,ni_k2_r2,fixed,,,1045,wl_model_agreement,"unavailable: PIG v1.02 annotations are distributed by the official authors upon request; no checksum-verifiable unattended download is published. Searched: /tmp/pianovam-audit-260724.djnuaa/PIG, /workspace/PIG. The strict validity gate remains closed.",2.0,2.0,293994,0.5780217490036785,0.25,0.8376068376068376,0.0937799043062201,0.4306220095693781,293994,98
wl_model_agreement__ni_k2_r4,ni_k2_r4,fixed,,,1071,wl_model_agreement,"unavailable: PIG v1.02 annotations are distributed by the official authors upon request; no checksum-verifiable unattended download is published. Searched: /tmp/pianovam-audit-260724.djnuaa/PIG, /workspace/PIG. The strict validity gate remains closed.",2.0,4.0,305593,0.6008265486482076,0.25,0.8376068376068376,0.0915032679738562,0.42016806722689076,305593,98
wl_strict_obvious__ni_k5_r1,ni_k5_r1,fixed,,,1239,wl_strict_obvious,"unavailable: PIG v1.02 annotations are distributed by the official authors upon request; no checksum-verifiable unattended download is published. Searched: /tmp/pianovam-audit-260724.djnuaa/PIG, /workspace/PIG. The strict validity gate remains closed.",5.0,1.0,351827,0.6917272389460914,0.2780612244897959,0.9316239316239316,0.08797417271993543,0.40396303799970357,351827,109
wl_strict_obvious__ni_k5_r2,ni_k5_r2,fixed,,,1239,wl_strict_obvious,"unavailable: PIG v1.02 annotations are distributed by the official authors upon request; no checksum-verifiable unattended download is published. Searched: /tmp/pianovam-audit-260724.djnuaa/PIG, /workspace/PIG. The strict validity gate remains closed.",5.0,2.0,351922,0.6919140184931413,0.2780612244897959,0.9316239316239316,0.08797417271993543,0.40396303799970357,351922,109
wl_strict_obvious__ni_k5_r4,ni_k5_r4,fixed,,,1239,wl_strict_obvious,"unavailable: PIG v1.02 annotations are distributed by the official authors upon request; no checksum-verifiable unattended download is published. Searched: /tmp/pianovam-audit-260724.djnuaa/PIG, /workspace/PIG. The strict validity gate remains closed.",5.0,4.0,352095,0.6922541538788214,0.2780612244897959,0.9316239316239316,0.08797417271993543,0.40396303799970357,352095,109
wl_strict_obvious__ni_k3_r1,ni_k3_r1,fixed,,,1241,wl_strict_obvious,"unavailable: PIG v1.02 annotations are distributed by the official authors upon request; no checksum-verifiable unattended download is published. Searched: /tmp/pianovam-audit-260724.djnuaa/PIG, /workspace/PIG. The strict validity gate remains closed.",3.0,1.0,352611,0.6932686617343758,0.2780612244897959,0.9316239316239316,0.08783239323126511,0.40331200973540104,352611,109
wl_strict_obvious__ni_k3_r2,ni_k3_r2,fixed,,,1244,wl_strict_obvious,"unavailable: PIG v1.02 annotations are distributed by the official authors upon request; no checksum-verifiable unattended download is published. Searched: /tmp/pianovam-audit-260724.djnuaa/PIG, /workspace/PIG. The strict validity gate remains closed.",3.0,2.0,353502,0.6950204572756532,0.28061224489795916,0.9401709401709402,0.08842443729903537,0.4060305794343461,353502,110
wl_strict_obvious__ni_k3_r4,ni_k3_r4,fixed,,,1247,wl_strict_obvious,"unavailable: PIG v1.02 annotations are distributed by the official authors upon request; no checksum-verifiable unattended download is published. Searched: /tmp/pianovam-audit-260724.djnuaa/PIG, /workspace/PIG. The strict validity gate remains closed.",3.0,4.0,355074,0.6981111672542031,0.28061224489795916,0.9401709401709402,0.08821170809943865,0.40505376168109586,355074,110
wl_strict_obvious__ni_k2_r1,ni_k2_r1,fixed,,,1251,wl_strict_obvious,"unavailable: PIG v1.02 annotations are distributed by the official authors upon request; no checksum-verifiable unattended download is published. Searched: /tmp/pianovam-audit-260724.djnuaa/PIG, /workspace/PIG. The strict validity gate remains closed.",2.0,1.0,355366,0.6986852685988192,0.2780612244897959,0.9316239316239316,0.08713029576338929,0.4000880927910733,355366,109
wl_strict_obvious__ni_k2_r2,ni_k2_r2,fixed,,,1258,wl_strict_obvious,"unavailable: PIG v1.02 annotations are distributed by the official authors upon request; no checksum-verifiable unattended download is published. Searched: /tmp/pianovam-audit-260724.djnuaa/PIG, /workspace/PIG. The strict validity gate remains closed.",2.0,2.0,358703,0.7052461459515041,0.28061224489795916,0.9401709401709402,0.08744038155802862,0.4015119561338049,358703,110
wl_strict_obvious__ni_k2_r4,ni_k2_r4,fixed,,,1274,wl_strict_obvious,"unavailable: PIG v1.02 annotations are distributed by the official authors upon request; no checksum-verifiable unattended download is published. Searched: /tmp/pianovam-audit-260724.djnuaa/PIG, /workspace/PIG. The strict validity gate remains closed.",2.0,4.0,364244,0.7161403087957438,0.28061224489795916,0.9401709401709402,0.08634222919937205,0.39646941979303496,364244,110
